id,ground_truth,model_or_genre,channel,verdict,confidence,score,resonance_delta_db,ultrasonic_cutoff_khz,stereo_coherence,comb_spikes_count,latency_ms
AI_0001,AI_GENERATED_MUSIC,suno_v4,clean_wav,AI_GENERATED_MUSIC,0.9775,0.9775,12.2,17.0,1.0,4,39.68
AI_0002,AI_GENERATED_MUSIC,suno_v3_5,mp3_320k,AI_GENERATED_MUSIC,0.9775,0.9775,12.2,17.0,1.0,4,33.1
AI_0003,AI_GENERATED_MUSIC,udio_130k,mp3_128k,AI_GENERATED_MUSIC,0.9475,0.9475,12.2,22.1,0.9996,4,30.91
AI_0004,AI_GENERATED_MUSIC,musicgen_stereo,aac_256k,AI_GENERATED_MUSIC,0.9775,0.9775,12.2,17.0,1.0,4,32.75
AI_0005,AI_GENERATED_MUSIC,stable_audio,opus_16k,AI_GENERATED_MUSIC,0.99,0.99,12.2,14.0,1.0,4,35.09
AI_0006,AI_GENERATED_MUSIC,suno_v4,clean_wav,AI_GENERATED_MUSIC,0.9775,0.9775,12.2,17.0,1.0,4,29.39
AI_0007,AI_GENERATED_MUSIC,suno_v3_5,mp3_320k,AI_GENERATED_MUSIC,0.9775,0.9775,12.2,17.0,1.0,4,40.1
AI_0008,AI_GENERATED_MUSIC,udio_130k,mp3_128k,AI_GENERATED_MUSIC,0.9475,0.9475,12.2,22.1,0.9996,4,34.96
AI_0009,AI_GENERATED_MUSIC,musicgen_stereo,aac_256k,AI_GENERATED_MUSIC,0.9775,0.9775,12.2,17.0,1.0,4,29.18
AI_0010,AI_GENERATED_MUSIC,stable_audio,opus_16k,AI_GENERATED_MUSIC,0.99,0.99,12.2,14.0,1.0,4,38.69
AI_0011,AI_GENERATED_MUSIC,suno_v4,clean_wav,AI_GENERATED_MUSIC,0.9775,0.9775,12.2,17.0,1.0,4,31.42
AI_0012,AI_GENERATED_MUSIC,suno_v3_5,mp3_320k,AI_GENERATED_MUSIC,0.9775,0.9775,12.2,17.0,1.0,4,34.5
AI_0013,AI_GENERATED_MUSIC,udio_130k,mp3_128k,AI_GENERATED_MUSIC,0.9475,0.9475,12.2,22.1,0.9996,4,33.48
AI_0014,AI_GENERATED_MUSIC,musicgen_stereo,aac_256k,AI_GENERATED_MUSIC,0.9775,0.9775,12.2,17.0,1.0,4,33.02
AI_0015,AI_GENERATED_MUSIC,stable_audio,opus_16k,AI_GENERATED_MUSIC,0.99,0.99,12.2,14.0,1.0,4,48.05
AI_0016,AI_GENERATED_MUSIC,suno_v4,clean_wav,AI_GENERATED_MUSIC,0.9775,0.9775,12.2,17.0,1.0,4,30.39
AI_0017,AI_GENERATED_MUSIC,suno_v3_5,mp3_320k,AI_GENERATED_MUSIC,0.9775,0.9775,12.2,17.0,1.0,4,39.0
AI_0018,AI_GENERATED_MUSIC,udio_130k,mp3_128k,AI_GENERATED_MUSIC,0.9475,0.9475,12.2,22.1,0.9996,4,33.66
AI_0019,AI_GENERATED_MUSIC,musicgen_stereo,aac_256k,AI_GENERATED_MUSIC,0.9775,0.9775,12.2,17.0,1.0,4,53.45
AI_0020,AI_GENERATED_MUSIC,stable_audio,opus_16k,AI_GENERATED_MUSIC,0.99,0.99,12.2,14.0,1.0,4,39.39
AI_0021,AI_GENERATED_MUSIC,suno_v4,clean_wav,AI_GENERATED_MUSIC,0.9775,0.9775,12.2,17.0,1.0,4,35.16
AI_0022,AI_GENERATED_MUSIC,suno_v3_5,mp3_320k,AI_GENERATED_MUSIC,0.9775,0.9775,12.2,17.0,1.0,4,34.93
AI_0023,AI_GENERATED_MUSIC,udio_130k,mp3_128k,AI_GENERATED_MUSIC,0.9475,0.9475,12.2,22.1,0.9996,4,40.18
AI_0024,AI_GENERATED_MUSIC,musicgen_stereo,aac_256k,AI_GENERATED_MUSIC,0.9775,0.9775,12.2,17.0,1.0,4,39.03
AI_0025,AI_GENERATED_MUSIC,stable_audio,opus_16k,AI_GENERATED_MUSIC,0.99,0.99,12.2,14.0,1.0,4,31.75
AI_0026,AI_GENERATED_MUSIC,suno_v4,clean_wav,AI_GENERATED_MUSIC,0.9775,0.9775,12.2,17.0,1.0,4,61.8
AI_0027,AI_GENERATED_MUSIC,suno_v3_5,mp3_320k,AI_GENERATED_MUSIC,0.9775,0.9775,12.2,17.0,1.0,4,30.46
AI_0028,AI_GENERATED_MUSIC,udio_130k,mp3_128k,AI_GENERATED_MUSIC,0.9475,0.9475,12.2,22.1,0.9996,4,94.41
AI_0029,AI_GENERATED_MUSIC,musicgen_stereo,aac_256k,AI_GENERATED_MUSIC,0.9775,0.9775,12.2,17.0,1.0,4,30.79
AI_0030,AI_GENERATED_MUSIC,stable_audio,opus_16k,AI_GENERATED_MUSIC,0.99,0.99,12.2,14.0,1.0,4,42.34
AI_0031,AI_GENERATED_MUSIC,suno_v4,clean_wav,AI_GENERATED_MUSIC,0.9775,0.9775,12.2,17.0,1.0,4,41.95
AI_0032,AI_GENERATED_MUSIC,suno_v3_5,mp3_320k,AI_GENERATED_MUSIC,0.9775,0.9775,12.2,17.0,1.0,4,82.64
AI_0033,AI_GENERATED_MUSIC,udio_130k,mp3_128k,AI_GENERATED_MUSIC,0.9475,0.9475,12.2,22.1,0.9996,4,68.06
AI_0034,AI_GENERATED_MUSIC,musicgen_stereo,aac_256k,AI_GENERATED_MUSIC,0.9775,0.9775,12.2,17.0,1.0,4,39.24
AI_0035,AI_GENERATED_MUSIC,stable_audio,opus_16k,AI_GENERATED_MUSIC,0.99,0.99,12.2,14.0,1.0,4,36.59
AI_0036,AI_GENERATED_MUSIC,suno_v4,clean_wav,AI_GENERATED_MUSIC,0.9775,0.9775,12.2,17.0,1.0,4,32.32
AI_0037,AI_GENERATED_MUSIC,suno_v3_5,mp3_320k,AI_GENERATED_MUSIC,0.9775,0.9775,12.2,17.0,1.0,4,31.88
AI_0038,AI_GENERATED_MUSIC,udio_130k,mp3_128k,AI_GENERATED_MUSIC,0.9475,0.9475,12.2,22.1,0.9996,4,33.02
AI_0039,AI_GENERATED_MUSIC,musicgen_stereo,aac_256k,AI_GENERATED_MUSIC,0.9775,0.9775,12.2,17.0,1.0,4,38.77
AI_0040,AI_GENERATED_MUSIC,stable_audio,opus_16k,AI_GENERATED_MUSIC,0.99,0.99,12.2,14.0,1.0,4,35.56
AI_0041,AI_GENERATED_MUSIC,suno_v4,clean_wav,AI_GENERATED_MUSIC,0.9775,0.9775,12.2,17.0,1.0,4,31.02
AI_0042,AI_GENERATED_MUSIC,suno_v3_5,mp3_320k,AI_GENERATED_MUSIC,0.9775,0.9775,12.2,17.0,1.0,4,30.69
AI_0043,AI_GENERATED_MUSIC,udio_130k,mp3_128k,AI_GENERATED_MUSIC,0.9475,0.9475,12.2,22.1,0.9996,4,34.38
AI_0044,AI_GENERATED_MUSIC,musicgen_stereo,aac_256k,AI_GENERATED_MUSIC,0.9775,0.9775,12.2,17.0,1.0,4,35.91
AI_0045,AI_GENERATED_MUSIC,stable_audio,opus_16k,AI_GENERATED_MUSIC,0.99,0.99,12.2,14.0,1.0,4,32.81
AI_0046,AI_GENERATED_MUSIC,suno_v4,clean_wav,AI_GENERATED_MUSIC,0.9775,0.9775,12.2,17.0,1.0,4,31.38
AI_0047,AI_GENERATED_MUSIC,suno_v3_5,mp3_320k,AI_GENERATED_MUSIC,0.9775,0.9775,12.2,17.0,1.0,4,35.03
AI_0048,AI_GENERATED_MUSIC,udio_130k,mp3_128k,AI_GENERATED_MUSIC,0.9475,0.9475,12.2,22.1,0.9996,4,32.07
AI_0049,AI_GENERATED_MUSIC,musicgen_stereo,aac_256k,AI_GENERATED_MUSIC,0.9775,0.9775,12.2,17.0,1.0,4,32.61
AI_0050,AI_GENERATED_MUSIC,stable_audio,opus_16k,AI_GENERATED_MUSIC,0.99,0.99,12.2,14.0,1.0,4,29.47
AI_0051,AI_GENERATED_MUSIC,suno_v4,clean_wav,AI_GENERATED_MUSIC,0.9775,0.9775,12.2,17.0,1.0,4,33.23
AI_0052,AI_GENERATED_MUSIC,suno_v3_5,mp3_320k,AI_GENERATED_MUSIC,0.9775,0.9775,12.2,17.0,1.0,4,42.03
AI_0053,AI_GENERATED_MUSIC,udio_130k,mp3_128k,AI_GENERATED_MUSIC,0.9475,0.9475,12.2,22.1,0.9996,4,32.81
AI_0054,AI_GENERATED_MUSIC,musicgen_stereo,aac_256k,AI_GENERATED_MUSIC,0.9775,0.9775,12.2,17.0,1.0,4,40.22
AI_0055,AI_GENERATED_MUSIC,stable_audio,opus_16k,AI_GENERATED_MUSIC,0.99,0.99,12.2,14.0,1.0,4,39.5
AI_0056,AI_GENERATED_MUSIC,suno_v4,clean_wav,AI_GENERATED_MUSIC,0.9775,0.9775,12.2,17.0,1.0,4,55.52
AI_0057,AI_GENERATED_MUSIC,suno_v3_5,mp3_320k,AI_GENERATED_MUSIC,0.9775,0.9775,12.2,17.0,1.0,4,60.85
AI_0058,AI_GENERATED_MUSIC,udio_130k,mp3_128k,AI_GENERATED_MUSIC,0.9475,0.9475,12.2,22.1,0.9996,4,27.4
AI_0059,AI_GENERATED_MUSIC,musicgen_stereo,aac_256k,AI_GENERATED_MUSIC,0.9775,0.9775,12.2,17.0,1.0,4,36.05
AI_0060,AI_GENERATED_MUSIC,stable_audio,opus_16k,AI_GENERATED_MUSIC,0.99,0.99,12.2,14.0,1.0,4,40.13
AI_0061,AI_GENERATED_MUSIC,suno_v4,clean_wav,AI_GENERATED_MUSIC,0.9775,0.9775,12.2,17.0,1.0,4,40.37
AI_0062,AI_GENERATED_MUSIC,suno_v3_5,mp3_320k,AI_GENERATED_MUSIC,0.9775,0.9775,12.2,17.0,1.0,4,50.61
AI_0063,AI_GENERATED_MUSIC,udio_130k,mp3_128k,AI_GENERATED_MUSIC,0.9475,0.9475,12.2,22.1,0.9996,4,37.79
AI_0064,AI_GENERATED_MUSIC,musicgen_stereo,aac_256k,AI_GENERATED_MUSIC,0.9775,0.9775,12.2,17.0,1.0,4,56.62
AI_0065,AI_GENERATED_MUSIC,stable_audio,opus_16k,AI_GENERATED_MUSIC,0.99,0.99,12.2,14.0,1.0,4,35.97
AI_0066,AI_GENERATED_MUSIC,suno_v4,clean_wav,AI_GENERATED_MUSIC,0.9775,0.9775,12.2,17.0,1.0,4,53.26
AI_0067,AI_GENERATED_MUSIC,suno_v3_5,mp3_320k,AI_GENERATED_MUSIC,0.9775,0.9775,12.2,17.0,1.0,4,42.65
AI_0068,AI_GENERATED_MUSIC,udio_130k,mp3_128k,AI_GENERATED_MUSIC,0.9475,0.9475,12.2,22.1,0.9996,4,42.71
AI_0069,AI_GENERATED_MUSIC,musicgen_stereo,aac_256k,AI_GENERATED_MUSIC,0.9775,0.9775,12.2,17.0,1.0,4,26.86
AI_0070,AI_GENERATED_MUSIC,stable_audio,opus_16k,AI_GENERATED_MUSIC,0.99,0.99,12.2,14.0,1.0,4,49.17
AI_0071,AI_GENERATED_MUSIC,suno_v4,clean_wav,AI_GENERATED_MUSIC,0.9775,0.9775,12.2,17.0,1.0,4,43.75
AI_0072,AI_GENERATED_MUSIC,suno_v3_5,mp3_320k,AI_GENERATED_MUSIC,0.9775,0.9775,12.2,17.0,1.0,4,39.08
AI_0073,AI_GENERATED_MUSIC,udio_130k,mp3_128k,AI_GENERATED_MUSIC,0.9475,0.9475,12.2,22.1,0.9996,4,70.42
AI_0074,AI_GENERATED_MUSIC,musicgen_stereo,aac_256k,AI_GENERATED_MUSIC,0.9775,0.9775,12.2,17.0,1.0,4,29.91
AI_0075,AI_GENERATED_MUSIC,stable_audio,opus_16k,AI_GENERATED_MUSIC,0.99,0.99,12.2,14.0,1.0,4,66.38
AI_0076,AI_GENERATED_MUSIC,suno_v4,clean_wav,AI_GENERATED_MUSIC,0.9775,0.9775,12.2,17.0,1.0,4,30.13
AI_0077,AI_GENERATED_MUSIC,suno_v3_5,mp3_320k,AI_GENERATED_MUSIC,0.9775,0.9775,12.2,17.0,1.0,4,26.67
AI_0078,AI_GENERATED_MUSIC,udio_130k,mp3_128k,AI_GENERATED_MUSIC,0.9475,0.9475,12.2,22.1,0.9996,4,34.58
AI_0079,AI_GENERATED_MUSIC,musicgen_stereo,aac_256k,AI_GENERATED_MUSIC,0.9775,0.9775,12.2,17.0,1.0,4,31.16
AI_0080,AI_GENERATED_MUSIC,stable_audio,opus_16k,AI_GENERATED_MUSIC,0.99,0.99,12.2,14.0,1.0,4,109.3
AI_0081,AI_GENERATED_MUSIC,suno_v4,clean_wav,AI_GENERATED_MUSIC,0.9775,0.9775,12.2,17.0,1.0,4,38.67
AI_0082,AI_GENERATED_MUSIC,suno_v3_5,mp3_320k,AI_GENERATED_MUSIC,0.9775,0.9775,12.2,17.0,1.0,4,31.18
AI_0083,AI_GENERATED_MUSIC,udio_130k,mp3_128k,AI_GENERATED_MUSIC,0.9475,0.9475,12.2,22.1,0.9996,4,45.18
AI_0084,AI_GENERATED_MUSIC,musicgen_stereo,aac_256k,AI_GENERATED_MUSIC,0.9775,0.9775,12.2,17.0,1.0,4,35.23
AI_0085,AI_GENERATED_MUSIC,stable_audio,opus_16k,AI_GENERATED_MUSIC,0.99,0.99,12.2,14.0,1.0,4,30.51
AI_0086,AI_GENERATED_MUSIC,suno_v4,clean_wav,AI_GENERATED_MUSIC,0.9775,0.9775,12.2,17.0,1.0,4,35.75
AI_0087,AI_GENERATED_MUSIC,suno_v3_5,mp3_320k,AI_GENERATED_MUSIC,0.9775,0.9775,12.2,17.0,1.0,4,31.89
AI_0088,AI_GENERATED_MUSIC,udio_130k,mp3_128k,AI_GENERATED_MUSIC,0.9475,0.9475,12.2,22.1,0.9996,4,37.13
AI_0089,AI_GENERATED_MUSIC,musicgen_stereo,aac_256k,AI_GENERATED_MUSIC,0.9775,0.9775,12.2,17.0,1.0,4,32.94
AI_0090,AI_GENERATED_MUSIC,stable_audio,opus_16k,AI_GENERATED_MUSIC,0.99,0.99,12.2,14.0,1.0,4,30.49
AI_0091,AI_GENERATED_MUSIC,suno_v4,clean_wav,AI_GENERATED_MUSIC,0.9775,0.9775,12.2,17.0,1.0,4,27.91
AI_0092,AI_GENERATED_MUSIC,suno_v3_5,mp3_320k,AI_GENERATED_MUSIC,0.9775,0.9775,12.2,17.0,1.0,4,33.23
AI_0093,AI_GENERATED_MUSIC,udio_130k,mp3_128k,AI_GENERATED_MUSIC,0.9475,0.9475,12.2,22.1,0.9996,4,26.43
AI_0094,AI_GENERATED_MUSIC,musicgen_stereo,aac_256k,AI_GENERATED_MUSIC,0.9775,0.9775,12.2,17.0,1.0,4,31.57
AI_0095,AI_GENERATED_MUSIC,stable_audio,opus_16k,AI_GENERATED_MUSIC,0.99,0.99,12.2,14.0,1.0,4,31.54
AI_0096,AI_GENERATED_MUSIC,suno_v4,clean_wav,AI_GENERATED_MUSIC,0.9775,0.9775,12.2,17.0,1.0,4,38.49
AI_0097,AI_GENERATED_MUSIC,suno_v3_5,mp3_320k,AI_GENERATED_MUSIC,0.9775,0.9775,12.2,17.0,1.0,4,53.01
AI_0098,AI_GENERATED_MUSIC,udio_130k,mp3_128k,AI_GENERATED_MUSIC,0.9475,0.9475,12.2,22.1,0.9996,4,35.22
AI_0099,AI_GENERATED_MUSIC,musicgen_stereo,aac_256k,AI_GENERATED_MUSIC,0.9775,0.9775,12.2,17.0,1.0,4,40.94
AI_0100,AI_GENERATED_MUSIC,stable_audio,opus_16k,AI_GENERATED_MUSIC,0.99,0.99,12.2,14.0,1.0,4,34.11
AI_0101,AI_GENERATED_MUSIC,suno_v4,clean_wav,AI_GENERATED_MUSIC,0.9775,0.9775,12.2,17.0,1.0,4,29.76
AI_0102,AI_GENERATED_MUSIC,suno_v3_5,mp3_320k,AI_GENERATED_MUSIC,0.9775,0.9775,12.2,17.0,1.0,4,57.49
AI_0103,AI_GENERATED_MUSIC,udio_130k,mp3_128k,AI_GENERATED_MUSIC,0.9475,0.9475,12.2,22.1,0.9996,4,30.5
AI_0104,AI_GENERATED_MUSIC,musicgen_stereo,aac_256k,AI_GENERATED_MUSIC,0.9775,0.9775,12.2,17.0,1.0,4,37.07
AI_0105,AI_GENERATED_MUSIC,stable_audio,opus_16k,AI_GENERATED_MUSIC,0.99,0.99,12.2,14.0,1.0,4,67.98
AI_0106,AI_GENERATED_MUSIC,suno_v4,clean_wav,AI_GENERATED_MUSIC,0.9775,0.9775,12.2,17.0,1.0,4,36.61
AI_0107,AI_GENERATED_MUSIC,suno_v3_5,mp3_320k,AI_GENERATED_MUSIC,0.9775,0.9775,12.2,17.0,1.0,4,29.73
AI_0108,AI_GENERATED_MUSIC,udio_130k,mp3_128k,AI_GENERATED_MUSIC,0.9475,0.9475,12.2,22.1,0.9996,4,42.29
AI_0109,AI_GENERATED_MUSIC,musicgen_stereo,aac_256k,AI_GENERATED_MUSIC,0.9775,0.9775,12.2,17.0,1.0,4,38.48
AI_0110,AI_GENERATED_MUSIC,stable_audio,opus_16k,AI_GENERATED_MUSIC,0.99,0.99,12.2,14.0,1.0,4,36.89
AI_0111,AI_GENERATED_MUSIC,suno_v4,clean_wav,AI_GENERATED_MUSIC,0.9775,0.9775,12.2,17.0,1.0,4,44.17
AI_0112,AI_GENERATED_MUSIC,suno_v3_5,mp3_320k,AI_GENERATED_MUSIC,0.9775,0.9775,12.2,17.0,1.0,4,32.75
AI_0113,AI_GENERATED_MUSIC,udio_130k,mp3_128k,AI_GENERATED_MUSIC,0.9475,0.9475,12.2,22.1,0.9997,4,29.44
AI_0114,AI_GENERATED_MUSIC,musicgen_stereo,aac_256k,AI_GENERATED_MUSIC,0.9775,0.9775,12.2,17.0,1.0,4,36.37
AI_0115,AI_GENERATED_MUSIC,stable_audio,opus_16k,AI_GENERATED_MUSIC,0.99,0.99,12.2,14.0,1.0,4,33.42
AI_0116,AI_GENERATED_MUSIC,suno_v4,clean_wav,AI_GENERATED_MUSIC,0.9775,0.9775,12.2,17.0,1.0,4,48.47
AI_0117,AI_GENERATED_MUSIC,suno_v3_5,mp3_320k,AI_GENERATED_MUSIC,0.9775,0.9775,12.2,17.0,1.0,4,29.44
AI_0118,AI_GENERATED_MUSIC,udio_130k,mp3_128k,AI_GENERATED_MUSIC,0.9475,0.9475,12.2,22.1,0.9996,4,35.21
AI_0119,AI_GENERATED_MUSIC,musicgen_stereo,aac_256k,AI_GENERATED_MUSIC,0.9775,0.9775,12.2,17.0,1.0,4,32.59
AI_0120,AI_GENERATED_MUSIC,stable_audio,opus_16k,AI_GENERATED_MUSIC,0.99,0.99,12.2,14.0,1.0,4,34.19
AI_0121,AI_GENERATED_MUSIC,suno_v4,clean_wav,AI_GENERATED_MUSIC,0.9775,0.9775,12.2,17.0,1.0,4,28.87
AI_0122,AI_GENERATED_MUSIC,suno_v3_5,mp3_320k,AI_GENERATED_MUSIC,0.9775,0.9775,12.2,17.0,1.0,4,36.84
AI_0123,AI_GENERATED_MUSIC,udio_130k,mp3_128k,AI_GENERATED_MUSIC,0.9475,0.9475,12.2,22.1,0.9996,4,60.31
AI_0124,AI_GENERATED_MUSIC,musicgen_stereo,aac_256k,AI_GENERATED_MUSIC,0.9775,0.9775,12.2,17.0,1.0,4,53.4
AI_0125,AI_GENERATED_MUSIC,stable_audio,opus_16k,AI_GENERATED_MUSIC,0.99,0.99,12.2,14.0,1.0,4,29.72
AI_0126,AI_GENERATED_MUSIC,suno_v4,clean_wav,AI_GENERATED_MUSIC,0.9775,0.9775,12.2,17.0,1.0,4,39.16
AI_0127,AI_GENERATED_MUSIC,suno_v3_5,mp3_320k,AI_GENERATED_MUSIC,0.9775,0.9775,12.2,17.0,1.0,4,33.03
AI_0128,AI_GENERATED_MUSIC,udio_130k,mp3_128k,AI_GENERATED_MUSIC,0.9475,0.9475,12.2,22.1,0.9996,4,33.29
AI_0129,AI_GENERATED_MUSIC,musicgen_stereo,aac_256k,AI_GENERATED_MUSIC,0.9775,0.9775,12.2,17.0,1.0,4,29.04
AI_0130,AI_GENERATED_MUSIC,stable_audio,opus_16k,AI_GENERATED_MUSIC,0.99,0.99,12.2,14.0,1.0,4,44.8
AI_0131,AI_GENERATED_MUSIC,suno_v4,clean_wav,AI_GENERATED_MUSIC,0.9775,0.9775,12.2,17.0,1.0,4,29.85
AI_0132,AI_GENERATED_MUSIC,suno_v3_5,mp3_320k,AI_GENERATED_MUSIC,0.9775,0.9775,12.2,17.0,1.0,4,42.2
AI_0133,AI_GENERATED_MUSIC,udio_130k,mp3_128k,AI_GENERATED_MUSIC,0.9475,0.9475,12.2,22.1,0.9996,4,35.13
AI_0134,AI_GENERATED_MUSIC,musicgen_stereo,aac_256k,AI_GENERATED_MUSIC,0.9775,0.9775,12.2,17.0,1.0,4,32.5
AI_0135,AI_GENERATED_MUSIC,stable_audio,opus_16k,AI_GENERATED_MUSIC,0.99,0.99,12.2,14.0,1.0,4,50.54
AI_0136,AI_GENERATED_MUSIC,suno_v4,clean_wav,AI_GENERATED_MUSIC,0.9775,0.9775,12.2,17.0,1.0,4,36.82
AI_0137,AI_GENERATED_MUSIC,suno_v3_5,mp3_320k,AI_GENERATED_MUSIC,0.9775,0.9775,12.2,17.0,1.0,4,32.29
AI_0138,AI_GENERATED_MUSIC,udio_130k,mp3_128k,AI_GENERATED_MUSIC,0.9475,0.9475,12.2,22.1,0.9996,4,33.56
AI_0139,AI_GENERATED_MUSIC,musicgen_stereo,aac_256k,AI_GENERATED_MUSIC,0.9775,0.9775,12.2,17.0,1.0,4,60.6
AI_0140,AI_GENERATED_MUSIC,stable_audio,opus_16k,AI_GENERATED_MUSIC,0.99,0.99,12.2,14.0,1.0,4,71.79
AI_0141,AI_GENERATED_MUSIC,suno_v4,clean_wav,AI_GENERATED_MUSIC,0.9775,0.9775,12.2,17.0,1.0,4,60.03
AI_0142,AI_GENERATED_MUSIC,suno_v3_5,mp3_320k,AI_GENERATED_MUSIC,0.9775,0.9775,12.2,17.0,1.0,4,65.84
AI_0143,AI_GENERATED_MUSIC,udio_130k,mp3_128k,AI_GENERATED_MUSIC,0.9475,0.9475,12.2,22.1,0.9996,4,64.05
AI_0144,AI_GENERATED_MUSIC,musicgen_stereo,aac_256k,AI_GENERATED_MUSIC,0.9775,0.9775,12.2,17.0,1.0,4,36.31
AI_0145,AI_GENERATED_MUSIC,stable_audio,opus_16k,AI_GENERATED_MUSIC,0.99,0.99,12.2,14.0,1.0,4,54.7
AI_0146,AI_GENERATED_MUSIC,suno_v4,clean_wav,AI_GENERATED_MUSIC,0.9775,0.9775,12.2,17.0,1.0,4,52.03
AI_0147,AI_GENERATED_MUSIC,suno_v3_5,mp3_320k,AI_GENERATED_MUSIC,0.9775,0.9775,12.2,17.0,1.0,4,37.37
AI_0148,AI_GENERATED_MUSIC,udio_130k,mp3_128k,AI_GENERATED_MUSIC,0.9475,0.9475,12.2,22.1,0.9996,4,40.86
AI_0149,AI_GENERATED_MUSIC,musicgen_stereo,aac_256k,AI_GENERATED_MUSIC,0.9775,0.9775,12.2,17.0,1.0,4,29.15
AI_0150,AI_GENERATED_MUSIC,stable_audio,opus_16k,AI_GENERATED_MUSIC,0.99,0.99,12.2,14.0,1.0,4,40.93
AI_0151,AI_GENERATED_MUSIC,suno_v4,clean_wav,AI_GENERATED_MUSIC,0.9775,0.9775,12.2,17.0,1.0,4,32.34
AI_0152,AI_GENERATED_MUSIC,suno_v3_5,mp3_320k,AI_GENERATED_MUSIC,0.9775,0.9775,12.2,17.0,1.0,4,47.17
AI_0153,AI_GENERATED_MUSIC,udio_130k,mp3_128k,AI_GENERATED_MUSIC,0.9475,0.9475,12.2,22.1,0.9996,4,27.52
AI_0154,AI_GENERATED_MUSIC,musicgen_stereo,aac_256k,AI_GENERATED_MUSIC,0.9775,0.9775,12.2,17.0,1.0,4,31.59
AI_0155,AI_GENERATED_MUSIC,stable_audio,opus_16k,AI_GENERATED_MUSIC,0.99,0.99,12.2,14.0,1.0,4,38.84
AI_0156,AI_GENERATED_MUSIC,suno_v4,clean_wav,AI_GENERATED_MUSIC,0.9775,0.9775,12.2,17.0,1.0,4,33.77
AI_0157,AI_GENERATED_MUSIC,suno_v3_5,mp3_320k,AI_GENERATED_MUSIC,0.9775,0.9775,12.2,17.0,1.0,4,32.8
AI_0158,AI_GENERATED_MUSIC,udio_130k,mp3_128k,AI_GENERATED_MUSIC,0.9475,0.9475,12.2,22.1,0.9996,4,37.29
AI_0159,AI_GENERATED_MUSIC,musicgen_stereo,aac_256k,AI_GENERATED_MUSIC,0.9775,0.9775,12.2,17.0,1.0,4,50.31
AI_0160,AI_GENERATED_MUSIC,stable_audio,opus_16k,AI_GENERATED_MUSIC,0.99,0.99,12.2,14.0,1.0,4,42.27
AI_0161,AI_GENERATED_MUSIC,suno_v4,clean_wav,AI_GENERATED_MUSIC,0.9775,0.9775,12.2,17.0,1.0,4,45.68
AI_0162,AI_GENERATED_MUSIC,suno_v3_5,mp3_320k,AI_GENERATED_MUSIC,0.9775,0.9775,12.2,17.0,1.0,4,41.63
AI_0163,AI_GENERATED_MUSIC,udio_130k,mp3_128k,AI_GENERATED_MUSIC,0.9475,0.9475,12.2,22.1,0.9996,4,31.94
AI_0164,AI_GENERATED_MUSIC,musicgen_stereo,aac_256k,AI_GENERATED_MUSIC,0.9775,0.9775,12.2,17.0,1.0,4,46.65
AI_0165,AI_GENERATED_MUSIC,stable_audio,opus_16k,AI_GENERATED_MUSIC,0.99,0.99,12.2,14.0,1.0,4,38.05
AI_0166,AI_GENERATED_MUSIC,suno_v4,clean_wav,AI_GENERATED_MUSIC,0.9775,0.9775,12.2,17.0,1.0,4,43.0
AI_0167,AI_GENERATED_MUSIC,suno_v3_5,mp3_320k,AI_GENERATED_MUSIC,0.9775,0.9775,12.2,17.0,1.0,4,40.15
AI_0168,AI_GENERATED_MUSIC,udio_130k,mp3_128k,AI_GENERATED_MUSIC,0.9475,0.9475,12.2,22.1,0.9996,4,39.88
AI_0169,AI_GENERATED_MUSIC,musicgen_stereo,aac_256k,AI_GENERATED_MUSIC,0.9775,0.9775,12.2,17.0,1.0,4,83.19
AI_0170,AI_GENERATED_MUSIC,stable_audio,opus_16k,AI_GENERATED_MUSIC,0.99,0.99,12.2,14.0,1.0,4,41.56
AI_0171,AI_GENERATED_MUSIC,suno_v4,clean_wav,AI_GENERATED_MUSIC,0.9775,0.9775,12.2,17.0,1.0,4,31.57
AI_0172,AI_GENERATED_MUSIC,suno_v3_5,mp3_320k,AI_GENERATED_MUSIC,0.9775,0.9775,12.2,17.0,1.0,4,36.44
AI_0173,AI_GENERATED_MUSIC,udio_130k,mp3_128k,AI_GENERATED_MUSIC,0.9475,0.9475,12.2,22.1,0.9996,4,38.35
AI_0174,AI_GENERATED_MUSIC,musicgen_stereo,aac_256k,AI_GENERATED_MUSIC,0.9775,0.9775,12.2,17.0,1.0,4,35.45
AI_0175,AI_GENERATED_MUSIC,stable_audio,opus_16k,AI_GENERATED_MUSIC,0.99,0.99,12.2,14.0,1.0,4,50.79
AI_0176,AI_GENERATED_MUSIC,suno_v4,clean_wav,AI_GENERATED_MUSIC,0.9775,0.9775,12.2,17.0,1.0,4,46.55
AI_0177,AI_GENERATED_MUSIC,suno_v3_5,mp3_320k,AI_GENERATED_MUSIC,0.9775,0.9775,12.2,17.0,1.0,4,29.52
AI_0178,AI_GENERATED_MUSIC,udio_130k,mp3_128k,AI_GENERATED_MUSIC,0.9475,0.9475,12.2,22.1,0.9996,4,53.45
AI_0179,AI_GENERATED_MUSIC,musicgen_stereo,aac_256k,AI_GENERATED_MUSIC,0.9775,0.9775,12.2,17.0,1.0,4,54.87
AI_0180,AI_GENERATED_MUSIC,stable_audio,opus_16k,AI_GENERATED_MUSIC,0.99,0.99,12.2,14.0,1.0,4,59.85
AI_0181,AI_GENERATED_MUSIC,suno_v4,clean_wav,AI_GENERATED_MUSIC,0.9775,0.9775,12.2,17.0,1.0,4,31.74
AI_0182,AI_GENERATED_MUSIC,suno_v3_5,mp3_320k,AI_GENERATED_MUSIC,0.9775,0.9775,12.2,17.0,1.0,4,32.35
AI_0183,AI_GENERATED_MUSIC,udio_130k,mp3_128k,AI_GENERATED_MUSIC,0.9475,0.9475,12.2,22.1,0.9996,4,34.4
AI_0184,AI_GENERATED_MUSIC,musicgen_stereo,aac_256k,AI_GENERATED_MUSIC,0.9775,0.9775,12.2,17.0,1.0,4,68.82
AI_0185,AI_GENERATED_MUSIC,stable_audio,opus_16k,AI_GENERATED_MUSIC,0.99,0.99,12.2,14.0,1.0,4,38.83
AI_0186,AI_GENERATED_MUSIC,suno_v4,clean_wav,AI_GENERATED_MUSIC,0.9775,0.9775,12.2,17.0,1.0,4,49.35
AI_0187,AI_GENERATED_MUSIC,suno_v3_5,mp3_320k,AI_GENERATED_MUSIC,0.9775,0.9775,12.2,17.0,1.0,4,40.56
AI_0188,AI_GENERATED_MUSIC,udio_130k,mp3_128k,AI_GENERATED_MUSIC,0.9475,0.9475,12.2,22.1,0.9996,4,59.1
AI_0189,AI_GENERATED_MUSIC,musicgen_stereo,aac_256k,AI_GENERATED_MUSIC,0.9775,0.9775,12.2,17.0,1.0,4,28.72
AI_0190,AI_GENERATED_MUSIC,stable_audio,opus_16k,AI_GENERATED_MUSIC,0.99,0.99,12.2,14.0,1.0,4,38.13
AI_0191,AI_GENERATED_MUSIC,suno_v4,clean_wav,AI_GENERATED_MUSIC,0.9775,0.9775,12.2,17.0,1.0,4,30.68
AI_0192,AI_GENERATED_MUSIC,suno_v3_5,mp3_320k,AI_GENERATED_MUSIC,0.9775,0.9775,12.2,17.0,1.0,4,40.9
AI_0193,AI_GENERATED_MUSIC,udio_130k,mp3_128k,AI_GENERATED_MUSIC,0.9475,0.9475,12.2,22.1,0.9996,4,28.5
AI_0194,AI_GENERATED_MUSIC,musicgen_stereo,aac_256k,AI_GENERATED_MUSIC,0.9775,0.9775,12.2,17.0,1.0,4,30.67
AI_0195,AI_GENERATED_MUSIC,stable_audio,opus_16k,AI_GENERATED_MUSIC,0.99,0.99,12.2,14.0,1.0,4,37.16
AI_0196,AI_GENERATED_MUSIC,suno_v4,clean_wav,AI_GENERATED_MUSIC,0.9775,0.9775,12.2,17.0,1.0,4,33.61
AI_0197,AI_GENERATED_MUSIC,suno_v3_5,mp3_320k,AI_GENERATED_MUSIC,0.9775,0.9775,12.2,17.0,1.0,4,28.2
AI_0198,AI_GENERATED_MUSIC,udio_130k,mp3_128k,AI_GENERATED_MUSIC,0.9475,0.9475,12.2,22.1,0.9996,4,31.0
AI_0199,AI_GENERATED_MUSIC,musicgen_stereo,aac_256k,AI_GENERATED_MUSIC,0.9775,0.9775,12.2,17.0,1.0,4,45.21
AI_0200,AI_GENERATED_MUSIC,stable_audio,opus_16k,AI_GENERATED_MUSIC,0.99,0.99,12.2,14.0,1.0,4,42.97
AI_0201,AI_GENERATED_MUSIC,suno_v4,clean_wav,AI_GENERATED_MUSIC,0.9775,0.9775,12.2,17.0,1.0,4,31.35
AI_0202,AI_GENERATED_MUSIC,suno_v3_5,mp3_320k,AI_GENERATED_MUSIC,0.9775,0.9775,12.2,17.0,1.0,4,31.58
AI_0203,AI_GENERATED_MUSIC,udio_130k,mp3_128k,AI_GENERATED_MUSIC,0.9475,0.9475,12.2,22.1,0.9996,4,26.99
AI_0204,AI_GENERATED_MUSIC,musicgen_stereo,aac_256k,AI_GENERATED_MUSIC,0.9775,0.9775,12.2,17.0,1.0,4,29.8
AI_0205,AI_GENERATED_MUSIC,stable_audio,opus_16k,AI_GENERATED_MUSIC,0.99,0.99,12.2,14.0,1.0,4,40.6
AI_0206,AI_GENERATED_MUSIC,suno_v4,clean_wav,AI_GENERATED_MUSIC,0.9775,0.9775,12.2,17.0,1.0,4,30.0
AI_0207,AI_GENERATED_MUSIC,suno_v3_5,mp3_320k,AI_GENERATED_MUSIC,0.9775,0.9775,12.2,17.0,1.0,4,40.48
AI_0208,AI_GENERATED_MUSIC,udio_130k,mp3_128k,AI_GENERATED_MUSIC,0.9475,0.9475,12.2,22.1,0.9996,4,74.17
AI_0209,AI_GENERATED_MUSIC,musicgen_stereo,aac_256k,AI_GENERATED_MUSIC,0.9775,0.9775,12.2,17.0,1.0,4,32.25
AI_0210,AI_GENERATED_MUSIC,stable_audio,opus_16k,AI_GENERATED_MUSIC,0.99,0.99,12.2,14.0,1.0,4,65.28
AI_0211,AI_GENERATED_MUSIC,suno_v4,clean_wav,AI_GENERATED_MUSIC,0.9775,0.9775,12.2,17.0,1.0,4,37.62
AI_0212,AI_GENERATED_MUSIC,suno_v3_5,mp3_320k,AI_GENERATED_MUSIC,0.9775,0.9775,12.2,17.0,1.0,4,33.15
AI_0213,AI_GENERATED_MUSIC,udio_130k,mp3_128k,AI_GENERATED_MUSIC,0.9475,0.9475,12.2,22.1,0.9996,4,25.92
AI_0214,AI_GENERATED_MUSIC,musicgen_stereo,aac_256k,AI_GENERATED_MUSIC,0.9775,0.9775,12.2,17.0,1.0,4,35.32
AI_0215,AI_GENERATED_MUSIC,stable_audio,opus_16k,AI_GENERATED_MUSIC,0.99,0.99,12.2,14.0,1.0,4,37.45
AI_0216,AI_GENERATED_MUSIC,suno_v4,clean_wav,AI_GENERATED_MUSIC,0.9775,0.9775,12.2,17.0,1.0,4,30.53
AI_0217,AI_GENERATED_MUSIC,suno_v3_5,mp3_320k,AI_GENERATED_MUSIC,0.9775,0.9775,12.2,17.0,1.0,4,32.25
AI_0218,AI_GENERATED_MUSIC,udio_130k,mp3_128k,AI_GENERATED_MUSIC,0.9475,0.9475,12.2,22.1,0.9996,4,27.57
AI_0219,AI_GENERATED_MUSIC,musicgen_stereo,aac_256k,AI_GENERATED_MUSIC,0.9775,0.9775,12.2,17.0,1.0,4,41.1
AI_0220,AI_GENERATED_MUSIC,stable_audio,opus_16k,AI_GENERATED_MUSIC,0.99,0.99,12.2,14.0,1.0,4,40.21
AI_0221,AI_GENERATED_MUSIC,suno_v4,clean_wav,AI_GENERATED_MUSIC,0.9775,0.9775,12.2,17.0,1.0,4,46.51
AI_0222,AI_GENERATED_MUSIC,suno_v3_5,mp3_320k,AI_GENERATED_MUSIC,0.9775,0.9775,12.2,17.0,1.0,4,47.75
AI_0223,AI_GENERATED_MUSIC,udio_130k,mp3_128k,AI_GENERATED_MUSIC,0.9475,0.9475,12.2,22.1,0.9996,4,47.47
AI_0224,AI_GENERATED_MUSIC,musicgen_stereo,aac_256k,AI_GENERATED_MUSIC,0.9775,0.9775,12.2,17.0,1.0,4,38.21
AI_0225,AI_GENERATED_MUSIC,stable_audio,opus_16k,AI_GENERATED_MUSIC,0.99,0.99,12.2,14.0,1.0,4,28.49
AI_0226,AI_GENERATED_MUSIC,suno_v4,clean_wav,AI_GENERATED_MUSIC,0.9775,0.9775,12.2,17.0,1.0,4,31.83
AI_0227,AI_GENERATED_MUSIC,suno_v3_5,mp3_320k,AI_GENERATED_MUSIC,0.9775,0.9775,12.2,17.0,1.0,4,25.98
AI_0228,AI_GENERATED_MUSIC,udio_130k,mp3_128k,AI_GENERATED_MUSIC,0.9475,0.9475,12.2,22.1,0.9996,4,62.42
AI_0229,AI_GENERATED_MUSIC,musicgen_stereo,aac_256k,AI_GENERATED_MUSIC,0.9775,0.9775,12.2,17.0,1.0,4,38.43
AI_0230,AI_GENERATED_MUSIC,stable_audio,opus_16k,AI_GENERATED_MUSIC,0.99,0.99,12.2,14.0,1.0,4,37.83
AI_0231,AI_GENERATED_MUSIC,suno_v4,clean_wav,AI_GENERATED_MUSIC,0.9775,0.9775,12.2,17.0,1.0,4,38.26
AI_0232,AI_GENERATED_MUSIC,suno_v3_5,mp3_320k,AI_GENERATED_MUSIC,0.9775,0.9775,12.2,17.0,1.0,4,30.11
AI_0233,AI_GENERATED_MUSIC,udio_130k,mp3_128k,AI_GENERATED_MUSIC,0.9475,0.9475,12.2,22.1,0.9997,4,26.06
AI_0234,AI_GENERATED_MUSIC,musicgen_stereo,aac_256k,AI_GENERATED_MUSIC,0.9775,0.9775,12.2,17.0,1.0,4,34.56
AI_0235,AI_GENERATED_MUSIC,stable_audio,opus_16k,AI_GENERATED_MUSIC,0.99,0.99,12.2,14.0,1.0,4,30.55
AI_0236,AI_GENERATED_MUSIC,suno_v4,clean_wav,AI_GENERATED_MUSIC,0.9775,0.9775,12.2,17.0,1.0,4,32.28
AI_0237,AI_GENERATED_MUSIC,suno_v3_5,mp3_320k,AI_GENERATED_MUSIC,0.9775,0.9775,12.2,17.0,1.0,4,42.94
AI_0238,AI_GENERATED_MUSIC,udio_130k,mp3_128k,AI_GENERATED_MUSIC,0.9475,0.9475,12.2,22.1,0.9996,4,32.98
AI_0239,AI_GENERATED_MUSIC,musicgen_stereo,aac_256k,AI_GENERATED_MUSIC,0.9775,0.9775,12.2,17.0,1.0,4,29.22
AI_0240,AI_GENERATED_MUSIC,stable_audio,opus_16k,AI_GENERATED_MUSIC,0.99,0.99,12.2,14.0,1.0,4,35.36
AI_0241,AI_GENERATED_MUSIC,suno_v4,clean_wav,AI_GENERATED_MUSIC,0.9775,0.9775,12.2,17.0,1.0,4,27.35
AI_0242,AI_GENERATED_MUSIC,suno_v3_5,mp3_320k,AI_GENERATED_MUSIC,0.9775,0.9775,12.2,17.0,1.0,4,27.67
AI_0243,AI_GENERATED_MUSIC,udio_130k,mp3_128k,AI_GENERATED_MUSIC,0.9475,0.9475,12.2,22.1,0.9996,4,31.27
AI_0244,AI_GENERATED_MUSIC,musicgen_stereo,aac_256k,AI_GENERATED_MUSIC,0.9775,0.9775,12.2,17.0,1.0,4,40.9
AI_0245,AI_GENERATED_MUSIC,stable_audio,opus_16k,AI_GENERATED_MUSIC,0.99,0.99,12.2,14.0,1.0,4,34.99
AI_0246,AI_GENERATED_MUSIC,suno_v4,clean_wav,AI_GENERATED_MUSIC,0.9775,0.9775,12.2,17.0,1.0,4,35.6
AI_0247,AI_GENERATED_MUSIC,suno_v3_5,mp3_320k,AI_GENERATED_MUSIC,0.9775,0.9775,12.2,17.0,1.0,4,35.81
AI_0248,AI_GENERATED_MUSIC,udio_130k,mp3_128k,AI_GENERATED_MUSIC,0.9475,0.9475,12.2,22.1,0.9996,4,35.51
AI_0249,AI_GENERATED_MUSIC,musicgen_stereo,aac_256k,AI_GENERATED_MUSIC,0.9775,0.9775,12.2,17.0,1.0,4,34.63
AI_0250,AI_GENERATED_MUSIC,stable_audio,opus_16k,AI_GENERATED_MUSIC,0.99,0.99,12.2,14.0,1.0,4,30.48
AI_0251,AI_GENERATED_MUSIC,suno_v4,clean_wav,AI_GENERATED_MUSIC,0.9775,0.9775,12.2,17.0,1.0,4,28.71
AI_0252,AI_GENERATED_MUSIC,suno_v3_5,mp3_320k,AI_GENERATED_MUSIC,0.9775,0.9775,12.2,17.0,1.0,4,33.52
AI_0253,AI_GENERATED_MUSIC,udio_130k,mp3_128k,AI_GENERATED_MUSIC,0.9475,0.9475,12.2,22.1,0.9996,4,29.7
AI_0254,AI_GENERATED_MUSIC,musicgen_stereo,aac_256k,AI_GENERATED_MUSIC,0.9775,0.9775,12.2,17.0,1.0,4,33.08
AI_0255,AI_GENERATED_MUSIC,stable_audio,opus_16k,AI_GENERATED_MUSIC,0.99,0.99,12.2,14.0,1.0,4,34.71
AI_0256,AI_GENERATED_MUSIC,suno_v4,clean_wav,AI_GENERATED_MUSIC,0.9775,0.9775,12.2,17.0,1.0,4,34.55
AI_0257,AI_GENERATED_MUSIC,suno_v3_5,mp3_320k,AI_GENERATED_MUSIC,0.9775,0.9775,12.2,17.0,1.0,4,26.25
AI_0258,AI_GENERATED_MUSIC,udio_130k,mp3_128k,AI_GENERATED_MUSIC,0.9475,0.9475,12.2,22.1,0.9996,4,59.22
AI_0259,AI_GENERATED_MUSIC,musicgen_stereo,aac_256k,AI_GENERATED_MUSIC,0.9775,0.9775,12.2,17.0,1.0,4,49.58
AI_0260,AI_GENERATED_MUSIC,stable_audio,opus_16k,AI_GENERATED_MUSIC,0.99,0.99,12.2,14.0,1.0,4,45.95
AI_0261,AI_GENERATED_MUSIC,suno_v4,clean_wav,AI_GENERATED_MUSIC,0.9775,0.9775,12.2,17.0,1.0,4,28.18
AI_0262,AI_GENERATED_MUSIC,suno_v3_5,mp3_320k,AI_GENERATED_MUSIC,0.9775,0.9775,12.2,17.0,1.0,4,31.23
AI_0263,AI_GENERATED_MUSIC,udio_130k,mp3_128k,AI_GENERATED_MUSIC,0.9475,0.9475,12.2,22.1,0.9996,4,31.08
AI_0264,AI_GENERATED_MUSIC,musicgen_stereo,aac_256k,AI_GENERATED_MUSIC,0.9775,0.9775,12.2,17.0,1.0,4,34.61
AI_0265,AI_GENERATED_MUSIC,stable_audio,opus_16k,AI_GENERATED_MUSIC,0.99,0.99,12.2,14.0,1.0,4,42.74
AI_0266,AI_GENERATED_MUSIC,suno_v4,clean_wav,AI_GENERATED_MUSIC,0.9775,0.9775,12.2,17.0,1.0,4,32.37
AI_0267,AI_GENERATED_MUSIC,suno_v3_5,mp3_320k,AI_GENERATED_MUSIC,0.9775,0.9775,12.2,17.0,1.0,4,27.05
AI_0268,AI_GENERATED_MUSIC,udio_130k,mp3_128k,AI_GENERATED_MUSIC,0.9475,0.9475,12.2,22.1,0.9996,4,69.52
AI_0269,AI_GENERATED_MUSIC,musicgen_stereo,aac_256k,AI_GENERATED_MUSIC,0.9775,0.9775,12.2,17.0,1.0,4,29.73
AI_0270,AI_GENERATED_MUSIC,stable_audio,opus_16k,AI_GENERATED_MUSIC,0.99,0.99,12.2,14.0,1.0,4,39.1
AI_0271,AI_GENERATED_MUSIC,suno_v4,clean_wav,AI_GENERATED_MUSIC,0.9775,0.9775,12.2,17.0,1.0,4,40.2
AI_0272,AI_GENERATED_MUSIC,suno_v3_5,mp3_320k,AI_GENERATED_MUSIC,0.9775,0.9775,12.2,17.0,1.0,4,54.54
AI_0273,AI_GENERATED_MUSIC,udio_130k,mp3_128k,AI_GENERATED_MUSIC,0.9475,0.9475,12.2,22.1,0.9996,4,24.57
AI_0274,AI_GENERATED_MUSIC,musicgen_stereo,aac_256k,AI_GENERATED_MUSIC,0.9775,0.9775,12.2,17.0,1.0,4,54.59
AI_0275,AI_GENERATED_MUSIC,stable_audio,opus_16k,AI_GENERATED_MUSIC,0.99,0.99,12.2,14.0,1.0,4,57.19
AI_0276,AI_GENERATED_MUSIC,suno_v4,clean_wav,AI_GENERATED_MUSIC,0.9775,0.9775,12.2,17.0,1.0,4,78.61
AI_0277,AI_GENERATED_MUSIC,suno_v3_5,mp3_320k,AI_GENERATED_MUSIC,0.9775,0.9775,12.2,17.0,1.0,4,35.83
AI_0278,AI_GENERATED_MUSIC,udio_130k,mp3_128k,AI_GENERATED_MUSIC,0.9475,0.9475,12.2,22.1,0.9996,4,50.96
AI_0279,AI_GENERATED_MUSIC,musicgen_stereo,aac_256k,AI_GENERATED_MUSIC,0.9775,0.9775,12.2,17.0,1.0,4,32.69
AI_0280,AI_GENERATED_MUSIC,stable_audio,opus_16k,AI_GENERATED_MUSIC,0.99,0.99,12.2,14.0,1.0,4,43.18
AI_0281,AI_GENERATED_MUSIC,suno_v4,clean_wav,AI_GENERATED_MUSIC,0.9775,0.9775,12.2,17.0,1.0,4,27.43
AI_0282,AI_GENERATED_MUSIC,suno_v3_5,mp3_320k,AI_GENERATED_MUSIC,0.9775,0.9775,12.2,17.0,1.0,4,35.74
AI_0283,AI_GENERATED_MUSIC,udio_130k,mp3_128k,AI_GENERATED_MUSIC,0.9475,0.9475,12.2,22.1,0.9996,4,33.7
AI_0284,AI_GENERATED_MUSIC,musicgen_stereo,aac_256k,AI_GENERATED_MUSIC,0.9775,0.9775,12.2,17.0,1.0,4,76.35
AI_0285,AI_GENERATED_MUSIC,stable_audio,opus_16k,AI_GENERATED_MUSIC,0.99,0.99,12.2,14.0,1.0,4,37.39
AI_0286,AI_GENERATED_MUSIC,suno_v4,clean_wav,AI_GENERATED_MUSIC,0.9775,0.9775,12.2,17.0,1.0,4,30.82
AI_0287,AI_GENERATED_MUSIC,suno_v3_5,mp3_320k,AI_GENERATED_MUSIC,0.9775,0.9775,12.2,17.0,1.0,4,28.22
AI_0288,AI_GENERATED_MUSIC,udio_130k,mp3_128k,AI_GENERATED_MUSIC,0.9475,0.9475,12.2,22.1,0.9996,4,39.13
AI_0289,AI_GENERATED_MUSIC,musicgen_stereo,aac_256k,AI_GENERATED_MUSIC,0.9775,0.9775,12.2,17.0,1.0,4,27.91
AI_0290,AI_GENERATED_MUSIC,stable_audio,opus_16k,AI_GENERATED_MUSIC,0.99,0.99,12.2,14.0,1.0,4,40.08
AI_0291,AI_GENERATED_MUSIC,suno_v4,clean_wav,AI_GENERATED_MUSIC,0.9775,0.9775,12.2,17.0,1.0,4,34.77
AI_0292,AI_GENERATED_MUSIC,suno_v3_5,mp3_320k,AI_GENERATED_MUSIC,0.9775,0.9775,12.2,17.0,1.0,4,35.48
AI_0293,AI_GENERATED_MUSIC,udio_130k,mp3_128k,AI_GENERATED_MUSIC,0.9475,0.9475,12.2,22.1,0.9996,4,35.89
AI_0294,AI_GENERATED_MUSIC,musicgen_stereo,aac_256k,AI_GENERATED_MUSIC,0.9775,0.9775,12.2,17.0,1.0,4,35.67
AI_0295,AI_GENERATED_MUSIC,stable_audio,opus_16k,AI_GENERATED_MUSIC,0.99,0.99,12.2,14.0,1.0,4,39.54
AI_0296,AI_GENERATED_MUSIC,suno_v4,clean_wav,AI_GENERATED_MUSIC,0.9775,0.9775,12.2,17.0,1.0,4,33.44
AI_0297,AI_GENERATED_MUSIC,suno_v3_5,mp3_320k,AI_GENERATED_MUSIC,0.9775,0.9775,12.2,17.0,1.0,4,27.03
AI_0298,AI_GENERATED_MUSIC,udio_130k,mp3_128k,AI_GENERATED_MUSIC,0.9475,0.9475,12.2,22.1,0.9996,4,57.66
AI_0299,AI_GENERATED_MUSIC,musicgen_stereo,aac_256k,AI_GENERATED_MUSIC,0.9775,0.9775,12.2,17.0,1.0,4,48.57
AI_0300,AI_GENERATED_MUSIC,stable_audio,opus_16k,AI_GENERATED_MUSIC,0.99,0.99,12.2,14.0,1.0,4,35.5
HUMAN_0001,AUTHENTIC_STUDIO_RECORDING,classical_symphony,clean_wav,AUTHENTIC_STUDIO_RECORDING,0.99,0.01,2.4,22.1,-0.0991,0,24.72
HUMAN_0002,AUTHENTIC_STUDIO_RECORDING,jazz_quartet,mp3_320k,AUTHENTIC_STUDIO_RECORDING,0.99,0.01,2.4,22.1,-0.0989,0,65.94
HUMAN_0003,AUTHENTIC_STUDIO_RECORDING,chamber_strings,mp3_128k,AUTHENTIC_STUDIO_RECORDING,0.99,0.01,2.4,22.1,-0.0981,0,34.11
HUMAN_0004,AUTHENTIC_STUDIO_RECORDING,solo_grand_piano,aac_256k,AUTHENTIC_STUDIO_RECORDING,0.99,0.01,2.4,22.1,-0.0987,0,42.83
HUMAN_0005,AUTHENTIC_STUDIO_RECORDING,acoustic_folk,opus_16k,AUTHENTIC_STUDIO_RECORDING,0.99,0.01,-1.6,14.0,-0.0994,0,34.62
HUMAN_0006,AUTHENTIC_STUDIO_RECORDING,classical_symphony,clean_wav,AUTHENTIC_STUDIO_RECORDING,0.99,0.01,2.4,22.1,-0.099,0,29.96
HUMAN_0007,AUTHENTIC_STUDIO_RECORDING,jazz_quartet,mp3_320k,AUTHENTIC_STUDIO_RECORDING,0.99,0.01,2.4,22.1,-0.099,0,31.2
HUMAN_0008,AUTHENTIC_STUDIO_RECORDING,chamber_strings,mp3_128k,AUTHENTIC_STUDIO_RECORDING,0.99,0.01,2.4,22.1,-0.0984,0,35.37
HUMAN_0009,AUTHENTIC_STUDIO_RECORDING,solo_grand_piano,aac_256k,AUTHENTIC_STUDIO_RECORDING,0.99,0.01,2.4,22.1,-0.099,0,26.63
HUMAN_0010,AUTHENTIC_STUDIO_RECORDING,acoustic_folk,opus_16k,AUTHENTIC_STUDIO_RECORDING,0.99,0.01,-1.6,14.0,-0.0992,0,43.31
HUMAN_0011,AUTHENTIC_STUDIO_RECORDING,classical_symphony,clean_wav,AUTHENTIC_STUDIO_RECORDING,0.99,0.01,2.4,22.1,-0.0988,0,27.44
HUMAN_0012,AUTHENTIC_STUDIO_RECORDING,jazz_quartet,mp3_320k,AUTHENTIC_STUDIO_RECORDING,0.99,0.01,2.4,22.1,-0.0987,0,38.16
HUMAN_0013,AUTHENTIC_STUDIO_RECORDING,chamber_strings,mp3_128k,AUTHENTIC_STUDIO_RECORDING,0.99,0.01,2.4,22.1,-0.0987,0,37.98
HUMAN_0014,AUTHENTIC_STUDIO_RECORDING,solo_grand_piano,aac_256k,AUTHENTIC_STUDIO_RECORDING,0.99,0.01,2.4,22.1,-0.099,0,48.4
HUMAN_0015,AUTHENTIC_STUDIO_RECORDING,acoustic_folk,opus_16k,AUTHENTIC_STUDIO_RECORDING,0.99,0.01,-1.6,14.0,-0.0991,0,31.47
HUMAN_0016,AUTHENTIC_STUDIO_RECORDING,classical_symphony,clean_wav,AUTHENTIC_STUDIO_RECORDING,0.99,0.01,2.4,22.1,-0.0989,0,33.28
HUMAN_0017,AUTHENTIC_STUDIO_RECORDING,jazz_quartet,mp3_320k,AUTHENTIC_STUDIO_RECORDING,0.99,0.01,2.4,22.1,-0.0992,0,32.3
HUMAN_0018,AUTHENTIC_STUDIO_RECORDING,chamber_strings,mp3_128k,AUTHENTIC_STUDIO_RECORDING,0.99,0.01,2.4,22.1,-0.0988,0,63.68
HUMAN_0019,AUTHENTIC_STUDIO_RECORDING,solo_grand_piano,aac_256k,AUTHENTIC_STUDIO_RECORDING,0.99,0.01,2.4,22.1,-0.099,0,28.28
HUMAN_0020,AUTHENTIC_STUDIO_RECORDING,acoustic_folk,opus_16k,AUTHENTIC_STUDIO_RECORDING,0.99,0.01,-1.6,14.0,-0.099,0,48.98
HUMAN_0021,AUTHENTIC_STUDIO_RECORDING,classical_symphony,clean_wav,AUTHENTIC_STUDIO_RECORDING,0.99,0.01,2.4,22.1,-0.099,0,62.79
HUMAN_0022,AUTHENTIC_STUDIO_RECORDING,jazz_quartet,mp3_320k,AUTHENTIC_STUDIO_RECORDING,0.99,0.01,2.4,22.1,-0.0988,0,39.78
HUMAN_0023,AUTHENTIC_STUDIO_RECORDING,chamber_strings,mp3_128k,AUTHENTIC_STUDIO_RECORDING,0.99,0.01,2.4,22.1,-0.0978,0,35.68
HUMAN_0024,AUTHENTIC_STUDIO_RECORDING,solo_grand_piano,aac_256k,AUTHENTIC_STUDIO_RECORDING,0.99,0.01,2.4,22.1,-0.0986,0,32.32
HUMAN_0025,AUTHENTIC_STUDIO_RECORDING,acoustic_folk,opus_16k,AUTHENTIC_STUDIO_RECORDING,0.99,0.01,-1.6,14.0,-0.0993,0,42.1
HUMAN_0026,AUTHENTIC_STUDIO_RECORDING,classical_symphony,clean_wav,AUTHENTIC_STUDIO_RECORDING,0.99,0.01,2.4,22.1,-0.099,0,36.64
HUMAN_0027,AUTHENTIC_STUDIO_RECORDING,jazz_quartet,mp3_320k,AUTHENTIC_STUDIO_RECORDING,0.99,0.01,2.4,22.1,-0.0988,0,27.72
HUMAN_0028,AUTHENTIC_STUDIO_RECORDING,chamber_strings,mp3_128k,AUTHENTIC_STUDIO_RECORDING,0.99,0.01,2.4,22.1,-0.0983,0,33.41
HUMAN_0029,AUTHENTIC_STUDIO_RECORDING,solo_grand_piano,aac_256k,AUTHENTIC_STUDIO_RECORDING,0.99,0.01,2.4,22.1,-0.099,0,50.42
HUMAN_0030,AUTHENTIC_STUDIO_RECORDING,acoustic_folk,opus_16k,AUTHENTIC_STUDIO_RECORDING,0.99,0.01,-1.6,14.0,-0.099,0,37.94
HUMAN_0031,AUTHENTIC_STUDIO_RECORDING,classical_symphony,clean_wav,AUTHENTIC_STUDIO_RECORDING,0.99,0.01,2.4,22.1,-0.0989,0,27.21
HUMAN_0032,AUTHENTIC_STUDIO_RECORDING,jazz_quartet,mp3_320k,AUTHENTIC_STUDIO_RECORDING,0.99,0.01,2.4,22.1,-0.0989,0,34.25
HUMAN_0033,AUTHENTIC_STUDIO_RECORDING,chamber_strings,mp3_128k,AUTHENTIC_STUDIO_RECORDING,0.99,0.01,2.4,22.1,-0.0983,0,48.87
HUMAN_0034,AUTHENTIC_STUDIO_RECORDING,solo_grand_piano,aac_256k,AUTHENTIC_STUDIO_RECORDING,0.99,0.01,2.4,22.1,-0.0989,0,26.05
HUMAN_0035,AUTHENTIC_STUDIO_RECORDING,acoustic_folk,opus_16k,AUTHENTIC_STUDIO_RECORDING,0.99,0.01,-1.6,14.0,-0.0988,0,43.56
HUMAN_0036,AUTHENTIC_STUDIO_RECORDING,classical_symphony,clean_wav,AUTHENTIC_STUDIO_RECORDING,0.99,0.01,2.4,22.1,-0.0991,0,33.89
HUMAN_0037,AUTHENTIC_STUDIO_RECORDING,jazz_quartet,mp3_320k,AUTHENTIC_STUDIO_RECORDING,0.99,0.01,2.4,22.1,-0.099,0,59.68
HUMAN_0038,AUTHENTIC_STUDIO_RECORDING,chamber_strings,mp3_128k,AUTHENTIC_STUDIO_RECORDING,0.99,0.01,2.4,22.1,-0.0981,0,31.1
HUMAN_0039,AUTHENTIC_STUDIO_RECORDING,solo_grand_piano,aac_256k,AUTHENTIC_STUDIO_RECORDING,0.99,0.01,2.4,22.1,-0.0989,0,32.8
HUMAN_0040,AUTHENTIC_STUDIO_RECORDING,acoustic_folk,opus_16k,AUTHENTIC_STUDIO_RECORDING,0.99,0.01,-1.6,14.0,-0.0992,0,68.01
HUMAN_0041,AUTHENTIC_STUDIO_RECORDING,classical_symphony,clean_wav,AUTHENTIC_STUDIO_RECORDING,0.99,0.01,2.4,22.1,-0.0991,0,32.21
HUMAN_0042,AUTHENTIC_STUDIO_RECORDING,jazz_quartet,mp3_320k,AUTHENTIC_STUDIO_RECORDING,0.99,0.01,2.4,22.1,-0.0989,0,31.54
HUMAN_0043,AUTHENTIC_STUDIO_RECORDING,chamber_strings,mp3_128k,AUTHENTIC_STUDIO_RECORDING,0.99,0.01,2.4,22.1,-0.0987,0,35.42
HUMAN_0044,AUTHENTIC_STUDIO_RECORDING,solo_grand_piano,aac_256k,AUTHENTIC_STUDIO_RECORDING,0.99,0.01,2.4,22.1,-0.099,0,35.87
HUMAN_0045,AUTHENTIC_STUDIO_RECORDING,acoustic_folk,opus_16k,AUTHENTIC_STUDIO_RECORDING,0.99,0.01,-1.6,14.0,-0.0993,0,53.99
HUMAN_0046,AUTHENTIC_STUDIO_RECORDING,classical_symphony,clean_wav,AUTHENTIC_STUDIO_RECORDING,0.99,0.01,2.4,22.1,-0.0987,0,68.71
HUMAN_0047,AUTHENTIC_STUDIO_RECORDING,jazz_quartet,mp3_320k,AUTHENTIC_STUDIO_RECORDING,0.99,0.01,2.4,22.1,-0.0988,0,40.62
HUMAN_0048,AUTHENTIC_STUDIO_RECORDING,chamber_strings,mp3_128k,AUTHENTIC_STUDIO_RECORDING,0.99,0.01,2.4,22.1,-0.0984,0,33.21
HUMAN_0049,AUTHENTIC_STUDIO_RECORDING,solo_grand_piano,aac_256k,AUTHENTIC_STUDIO_RECORDING,0.99,0.01,2.4,22.1,-0.0991,0,27.15
HUMAN_0050,AUTHENTIC_STUDIO_RECORDING,acoustic_folk,opus_16k,AUTHENTIC_STUDIO_RECORDING,0.99,0.01,-1.6,14.0,-0.099,0,38.93
HUMAN_0051,AUTHENTIC_STUDIO_RECORDING,classical_symphony,clean_wav,AUTHENTIC_STUDIO_RECORDING,0.99,0.01,2.4,22.1,-0.0987,0,35.06
HUMAN_0052,AUTHENTIC_STUDIO_RECORDING,jazz_quartet,mp3_320k,AUTHENTIC_STUDIO_RECORDING,0.99,0.01,2.4,22.1,-0.099,0,80.18
HUMAN_0053,AUTHENTIC_STUDIO_RECORDING,chamber_strings,mp3_128k,AUTHENTIC_STUDIO_RECORDING,0.99,0.01,2.4,22.1,-0.0989,0,64.59
HUMAN_0054,AUTHENTIC_STUDIO_RECORDING,solo_grand_piano,aac_256k,AUTHENTIC_STUDIO_RECORDING,0.99,0.01,2.4,22.1,-0.0989,0,45.81
HUMAN_0055,AUTHENTIC_STUDIO_RECORDING,acoustic_folk,opus_16k,AUTHENTIC_STUDIO_RECORDING,0.99,0.01,-1.6,14.0,-0.099,0,82.17
HUMAN_0056,AUTHENTIC_STUDIO_RECORDING,classical_symphony,clean_wav,AUTHENTIC_STUDIO_RECORDING,0.99,0.01,2.4,22.1,-0.0989,0,34.97
HUMAN_0057,AUTHENTIC_STUDIO_RECORDING,jazz_quartet,mp3_320k,AUTHENTIC_STUDIO_RECORDING,0.99,0.01,2.4,22.1,-0.0991,0,46.97
HUMAN_0058,AUTHENTIC_STUDIO_RECORDING,chamber_strings,mp3_128k,AUTHENTIC_STUDIO_RECORDING,0.99,0.01,2.4,22.1,-0.0981,0,27.99
HUMAN_0059,AUTHENTIC_STUDIO_RECORDING,solo_grand_piano,aac_256k,AUTHENTIC_STUDIO_RECORDING,0.99,0.01,2.4,22.1,-0.099,0,28.0
HUMAN_0060,AUTHENTIC_STUDIO_RECORDING,acoustic_folk,opus_16k,AUTHENTIC_STUDIO_RECORDING,0.99,0.01,-1.6,14.0,-0.099,0,34.62
HUMAN_0061,AUTHENTIC_STUDIO_RECORDING,classical_symphony,clean_wav,AUTHENTIC_STUDIO_RECORDING,0.99,0.01,2.4,22.1,-0.099,0,27.58
HUMAN_0062,AUTHENTIC_STUDIO_RECORDING,jazz_quartet,mp3_320k,AUTHENTIC_STUDIO_RECORDING,0.99,0.01,2.4,22.1,-0.099,0,38.93
HUMAN_0063,AUTHENTIC_STUDIO_RECORDING,chamber_strings,mp3_128k,AUTHENTIC_STUDIO_RECORDING,0.99,0.01,2.4,22.1,-0.0979,0,38.24
HUMAN_0064,AUTHENTIC_STUDIO_RECORDING,solo_grand_piano,aac_256k,AUTHENTIC_STUDIO_RECORDING,0.99,0.01,2.4,22.1,-0.099,0,32.7
HUMAN_0065,AUTHENTIC_STUDIO_RECORDING,acoustic_folk,opus_16k,AUTHENTIC_STUDIO_RECORDING,0.99,0.01,-1.6,14.0,-0.0993,0,32.18
HUMAN_0066,AUTHENTIC_STUDIO_RECORDING,classical_symphony,clean_wav,AUTHENTIC_STUDIO_RECORDING,0.99,0.01,2.4,22.1,-0.099,0,27.87
HUMAN_0067,AUTHENTIC_STUDIO_RECORDING,jazz_quartet,mp3_320k,AUTHENTIC_STUDIO_RECORDING,0.99,0.01,2.4,22.1,-0.0987,0,29.88
HUMAN_0068,AUTHENTIC_STUDIO_RECORDING,chamber_strings,mp3_128k,AUTHENTIC_STUDIO_RECORDING,0.99,0.01,2.4,22.1,-0.0981,0,32.04
HUMAN_0069,AUTHENTIC_STUDIO_RECORDING,solo_grand_piano,aac_256k,AUTHENTIC_STUDIO_RECORDING,0.99,0.01,2.4,22.1,-0.0991,0,26.75
HUMAN_0070,AUTHENTIC_STUDIO_RECORDING,acoustic_folk,opus_16k,AUTHENTIC_STUDIO_RECORDING,0.99,0.01,-1.6,14.0,-0.099,0,44.72
HUMAN_0071,AUTHENTIC_STUDIO_RECORDING,classical_symphony,clean_wav,AUTHENTIC_STUDIO_RECORDING,0.99,0.01,2.4,22.1,-0.099,0,34.49
HUMAN_0072,AUTHENTIC_STUDIO_RECORDING,jazz_quartet,mp3_320k,AUTHENTIC_STUDIO_RECORDING,0.99,0.01,2.4,22.1,-0.0986,0,30.76
HUMAN_0073,AUTHENTIC_STUDIO_RECORDING,chamber_strings,mp3_128k,AUTHENTIC_STUDIO_RECORDING,0.99,0.01,2.4,22.1,-0.0984,0,29.21
HUMAN_0074,AUTHENTIC_STUDIO_RECORDING,solo_grand_piano,aac_256k,AUTHENTIC_STUDIO_RECORDING,0.99,0.01,2.4,22.1,-0.099,0,27.84
HUMAN_0075,AUTHENTIC_STUDIO_RECORDING,acoustic_folk,opus_16k,AUTHENTIC_STUDIO_RECORDING,0.99,0.01,-1.6,14.0,-0.0991,0,31.41
HUMAN_0076,AUTHENTIC_STUDIO_RECORDING,classical_symphony,clean_wav,AUTHENTIC_STUDIO_RECORDING,0.99,0.01,2.4,22.1,-0.0989,0,39.28
HUMAN_0077,AUTHENTIC_STUDIO_RECORDING,jazz_quartet,mp3_320k,AUTHENTIC_STUDIO_RECORDING,0.99,0.01,2.4,22.1,-0.099,0,27.77
HUMAN_0078,AUTHENTIC_STUDIO_RECORDING,chamber_strings,mp3_128k,AUTHENTIC_STUDIO_RECORDING,0.99,0.01,2.4,22.1,-0.0985,0,28.01
HUMAN_0079,AUTHENTIC_STUDIO_RECORDING,solo_grand_piano,aac_256k,AUTHENTIC_STUDIO_RECORDING,0.99,0.01,2.4,22.1,-0.0989,0,35.28
HUMAN_0080,AUTHENTIC_STUDIO_RECORDING,acoustic_folk,opus_16k,AUTHENTIC_STUDIO_RECORDING,0.99,0.01,-1.6,14.0,-0.099,0,44.04
HUMAN_0081,AUTHENTIC_STUDIO_RECORDING,classical_symphony,clean_wav,AUTHENTIC_STUDIO_RECORDING,0.99,0.01,2.4,22.1,-0.0991,0,26.63
HUMAN_0082,AUTHENTIC_STUDIO_RECORDING,jazz_quartet,mp3_320k,AUTHENTIC_STUDIO_RECORDING,0.99,0.01,2.4,22.1,-0.099,0,79.67
HUMAN_0083,AUTHENTIC_STUDIO_RECORDING,chamber_strings,mp3_128k,AUTHENTIC_STUDIO_RECORDING,0.99,0.01,2.4,22.1,-0.098,0,38.81
HUMAN_0084,AUTHENTIC_STUDIO_RECORDING,solo_grand_piano,aac_256k,AUTHENTIC_STUDIO_RECORDING,0.99,0.01,2.4,22.1,-0.0989,0,57.05
HUMAN_0085,AUTHENTIC_STUDIO_RECORDING,acoustic_folk,opus_16k,AUTHENTIC_STUDIO_RECORDING,0.99,0.01,-1.6,14.0,-0.0991,0,36.9
HUMAN_0086,AUTHENTIC_STUDIO_RECORDING,classical_symphony,clean_wav,AUTHENTIC_STUDIO_RECORDING,0.99,0.01,2.4,22.1,-0.0988,0,29.39
HUMAN_0087,AUTHENTIC_STUDIO_RECORDING,jazz_quartet,mp3_320k,AUTHENTIC_STUDIO_RECORDING,0.99,0.01,2.4,22.1,-0.099,0,31.09
HUMAN_0088,AUTHENTIC_STUDIO_RECORDING,chamber_strings,mp3_128k,AUTHENTIC_STUDIO_RECORDING,0.99,0.01,2.4,22.1,-0.0983,0,45.53
HUMAN_0089,AUTHENTIC_STUDIO_RECORDING,solo_grand_piano,aac_256k,AUTHENTIC_STUDIO_RECORDING,0.99,0.01,2.4,22.1,-0.0991,0,31.0
HUMAN_0090,AUTHENTIC_STUDIO_RECORDING,acoustic_folk,opus_16k,AUTHENTIC_STUDIO_RECORDING,0.99,0.01,-1.6,14.0,-0.0989,0,34.18
HUMAN_0091,AUTHENTIC_STUDIO_RECORDING,classical_symphony,clean_wav,AUTHENTIC_STUDIO_RECORDING,0.99,0.01,2.4,22.1,-0.099,0,34.01
HUMAN_0092,AUTHENTIC_STUDIO_RECORDING,jazz_quartet,mp3_320k,AUTHENTIC_STUDIO_RECORDING,0.99,0.01,2.4,22.1,-0.0988,0,60.07
HUMAN_0093,AUTHENTIC_STUDIO_RECORDING,chamber_strings,mp3_128k,AUTHENTIC_STUDIO_RECORDING,0.99,0.01,2.4,22.1,-0.0987,0,55.38
HUMAN_0094,AUTHENTIC_STUDIO_RECORDING,solo_grand_piano,aac_256k,AUTHENTIC_STUDIO_RECORDING,0.99,0.01,2.4,22.1,-0.0991,0,32.82
HUMAN_0095,AUTHENTIC_STUDIO_RECORDING,acoustic_folk,opus_16k,AUTHENTIC_STUDIO_RECORDING,0.99,0.01,-1.6,14.0,-0.0991,0,35.36
HUMAN_0096,AUTHENTIC_STUDIO_RECORDING,classical_symphony,clean_wav,AUTHENTIC_STUDIO_RECORDING,0.99,0.01,2.4,22.1,-0.0988,0,47.3
HUMAN_0097,AUTHENTIC_STUDIO_RECORDING,jazz_quartet,mp3_320k,AUTHENTIC_STUDIO_RECORDING,0.99,0.01,2.4,22.1,-0.099,0,27.34
HUMAN_0098,AUTHENTIC_STUDIO_RECORDING,chamber_strings,mp3_128k,AUTHENTIC_STUDIO_RECORDING,0.99,0.01,2.4,22.1,-0.0987,0,31.86
HUMAN_0099,AUTHENTIC_STUDIO_RECORDING,solo_grand_piano,aac_256k,AUTHENTIC_STUDIO_RECORDING,0.99,0.01,2.4,22.1,-0.0989,0,62.37
HUMAN_0100,AUTHENTIC_STUDIO_RECORDING,acoustic_folk,opus_16k,AUTHENTIC_STUDIO_RECORDING,0.99,0.01,-1.6,14.0,-0.099,0,88.14
HUMAN_0101,AUTHENTIC_STUDIO_RECORDING,classical_symphony,clean_wav,AUTHENTIC_STUDIO_RECORDING,0.99,0.01,2.4,22.1,-0.0992,0,31.11
HUMAN_0102,AUTHENTIC_STUDIO_RECORDING,jazz_quartet,mp3_320k,AUTHENTIC_STUDIO_RECORDING,0.99,0.01,2.4,22.1,-0.099,0,30.47
HUMAN_0103,AUTHENTIC_STUDIO_RECORDING,chamber_strings,mp3_128k,AUTHENTIC_STUDIO_RECORDING,0.99,0.01,2.4,22.1,-0.0979,0,32.28
HUMAN_0104,AUTHENTIC_STUDIO_RECORDING,solo_grand_piano,aac_256k,AUTHENTIC_STUDIO_RECORDING,0.99,0.01,2.4,22.1,-0.099,0,32.77
HUMAN_0105,AUTHENTIC_STUDIO_RECORDING,acoustic_folk,opus_16k,AUTHENTIC_STUDIO_RECORDING,0.99,0.01,-1.6,14.0,-0.099,0,41.18
HUMAN_0106,AUTHENTIC_STUDIO_RECORDING,classical_symphony,clean_wav,AUTHENTIC_STUDIO_RECORDING,0.99,0.01,2.4,22.1,-0.0988,0,59.28
HUMAN_0107,AUTHENTIC_STUDIO_RECORDING,jazz_quartet,mp3_320k,AUTHENTIC_STUDIO_RECORDING,0.99,0.01,2.4,22.1,-0.0988,0,52.11
HUMAN_0108,AUTHENTIC_STUDIO_RECORDING,chamber_strings,mp3_128k,AUTHENTIC_STUDIO_RECORDING,0.99,0.01,2.4,22.1,-0.0982,0,53.88
HUMAN_0109,AUTHENTIC_STUDIO_RECORDING,solo_grand_piano,aac_256k,AUTHENTIC_STUDIO_RECORDING,0.99,0.01,2.4,22.1,-0.099,0,31.46
HUMAN_0110,AUTHENTIC_STUDIO_RECORDING,acoustic_folk,opus_16k,AUTHENTIC_STUDIO_RECORDING,0.99,0.01,-1.6,14.0,-0.0989,0,72.0
HUMAN_0111,AUTHENTIC_STUDIO_RECORDING,classical_symphony,clean_wav,AUTHENTIC_STUDIO_RECORDING,0.99,0.01,2.4,22.1,-0.0989,0,67.3
HUMAN_0112,AUTHENTIC_STUDIO_RECORDING,jazz_quartet,mp3_320k,AUTHENTIC_STUDIO_RECORDING,0.99,0.01,2.4,22.1,-0.099,0,33.24
HUMAN_0113,AUTHENTIC_STUDIO_RECORDING,chamber_strings,mp3_128k,AUTHENTIC_STUDIO_RECORDING,0.99,0.01,2.4,22.1,-0.0986,0,25.05
HUMAN_0114,AUTHENTIC_STUDIO_RECORDING,solo_grand_piano,aac_256k,AUTHENTIC_STUDIO_RECORDING,0.99,0.01,2.4,22.1,-0.0987,0,36.27
HUMAN_0115,AUTHENTIC_STUDIO_RECORDING,acoustic_folk,opus_16k,AUTHENTIC_STUDIO_RECORDING,0.99,0.01,-1.6,14.0,-0.0992,0,35.1
HUMAN_0116,AUTHENTIC_STUDIO_RECORDING,classical_symphony,clean_wav,AUTHENTIC_STUDIO_RECORDING,0.99,0.01,2.4,22.1,-0.0988,0,38.01
HUMAN_0117,AUTHENTIC_STUDIO_RECORDING,jazz_quartet,mp3_320k,AUTHENTIC_STUDIO_RECORDING,0.99,0.01,2.4,22.1,-0.099,0,26.13
HUMAN_0118,AUTHENTIC_STUDIO_RECORDING,chamber_strings,mp3_128k,AUTHENTIC_STUDIO_RECORDING,0.99,0.01,2.4,22.1,-0.0986,0,26.91
HUMAN_0119,AUTHENTIC_STUDIO_RECORDING,solo_grand_piano,aac_256k,AUTHENTIC_STUDIO_RECORDING,0.99,0.01,2.4,22.1,-0.0987,0,31.79
HUMAN_0120,AUTHENTIC_STUDIO_RECORDING,acoustic_folk,opus_16k,AUTHENTIC_STUDIO_RECORDING,0.99,0.01,-1.6,14.0,-0.099,0,38.76
HUMAN_0121,AUTHENTIC_STUDIO_RECORDING,classical_symphony,clean_wav,AUTHENTIC_STUDIO_RECORDING,0.99,0.01,2.4,22.1,-0.099,0,27.54
HUMAN_0122,AUTHENTIC_STUDIO_RECORDING,jazz_quartet,mp3_320k,AUTHENTIC_STUDIO_RECORDING,0.99,0.01,2.4,22.1,-0.099,0,31.05
HUMAN_0123,AUTHENTIC_STUDIO_RECORDING,chamber_strings,mp3_128k,AUTHENTIC_STUDIO_RECORDING,0.99,0.01,2.4,22.1,-0.0981,0,32.36
HUMAN_0124,AUTHENTIC_STUDIO_RECORDING,solo_grand_piano,aac_256k,AUTHENTIC_STUDIO_RECORDING,0.99,0.01,2.4,22.1,-0.0989,0,35.06
HUMAN_0125,AUTHENTIC_STUDIO_RECORDING,acoustic_folk,opus_16k,AUTHENTIC_STUDIO_RECORDING,0.99,0.01,-1.6,14.0,-0.0992,0,34.63
HUMAN_0126,AUTHENTIC_STUDIO_RECORDING,classical_symphony,clean_wav,AUTHENTIC_STUDIO_RECORDING,0.99,0.01,2.4,22.1,-0.0989,0,39.22
HUMAN_0127,AUTHENTIC_STUDIO_RECORDING,jazz_quartet,mp3_320k,AUTHENTIC_STUDIO_RECORDING,0.99,0.01,2.4,22.1,-0.0989,0,32.3
HUMAN_0128,AUTHENTIC_STUDIO_RECORDING,chamber_strings,mp3_128k,AUTHENTIC_STUDIO_RECORDING,0.99,0.01,2.4,22.1,-0.0983,0,38.88
HUMAN_0129,AUTHENTIC_STUDIO_RECORDING,solo_grand_piano,aac_256k,AUTHENTIC_STUDIO_RECORDING,0.99,0.01,2.4,22.1,-0.0992,0,28.14
HUMAN_0130,AUTHENTIC_STUDIO_RECORDING,acoustic_folk,opus_16k,AUTHENTIC_STUDIO_RECORDING,0.99,0.01,-1.6,14.0,-0.099,0,34.78
HUMAN_0131,AUTHENTIC_STUDIO_RECORDING,classical_symphony,clean_wav,AUTHENTIC_STUDIO_RECORDING,0.99,0.01,2.4,22.1,-0.099,0,50.73
HUMAN_0132,AUTHENTIC_STUDIO_RECORDING,jazz_quartet,mp3_320k,AUTHENTIC_STUDIO_RECORDING,0.99,0.01,2.4,22.1,-0.099,0,40.77
HUMAN_0133,AUTHENTIC_STUDIO_RECORDING,chamber_strings,mp3_128k,AUTHENTIC_STUDIO_RECORDING,0.99,0.01,2.4,22.1,-0.0986,0,25.89
HUMAN_0134,AUTHENTIC_STUDIO_RECORDING,solo_grand_piano,aac_256k,AUTHENTIC_STUDIO_RECORDING,0.99,0.01,2.4,22.1,-0.0991,0,39.24
HUMAN_0135,AUTHENTIC_STUDIO_RECORDING,acoustic_folk,opus_16k,AUTHENTIC_STUDIO_RECORDING,0.99,0.01,-1.6,14.0,-0.099,0,46.01
HUMAN_0136,AUTHENTIC_STUDIO_RECORDING,classical_symphony,clean_wav,AUTHENTIC_STUDIO_RECORDING,0.99,0.01,2.4,22.1,-0.0988,0,35.97
HUMAN_0137,AUTHENTIC_STUDIO_RECORDING,jazz_quartet,mp3_320k,AUTHENTIC_STUDIO_RECORDING,0.99,0.01,2.4,22.1,-0.0991,0,29.79
HUMAN_0138,AUTHENTIC_STUDIO_RECORDING,chamber_strings,mp3_128k,AUTHENTIC_STUDIO_RECORDING,0.99,0.01,2.4,22.1,-0.0983,0,59.43
HUMAN_0139,AUTHENTIC_STUDIO_RECORDING,solo_grand_piano,aac_256k,AUTHENTIC_STUDIO_RECORDING,0.99,0.01,2.4,22.1,-0.0987,0,56.24
HUMAN_0140,AUTHENTIC_STUDIO_RECORDING,acoustic_folk,opus_16k,AUTHENTIC_STUDIO_RECORDING,0.99,0.01,-1.6,14.0,-0.0991,0,36.24
HUMAN_0141,AUTHENTIC_STUDIO_RECORDING,classical_symphony,clean_wav,AUTHENTIC_STUDIO_RECORDING,0.99,0.01,2.4,22.1,-0.099,0,25.01
HUMAN_0142,AUTHENTIC_STUDIO_RECORDING,jazz_quartet,mp3_320k,AUTHENTIC_STUDIO_RECORDING,0.99,0.01,2.4,22.1,-0.0987,0,38.77
HUMAN_0143,AUTHENTIC_STUDIO_RECORDING,chamber_strings,mp3_128k,AUTHENTIC_STUDIO_RECORDING,0.99,0.01,2.4,22.1,-0.0981,0,27.99
HUMAN_0144,AUTHENTIC_STUDIO_RECORDING,solo_grand_piano,aac_256k,AUTHENTIC_STUDIO_RECORDING,0.99,0.01,2.4,22.1,-0.0988,0,125.68
HUMAN_0145,AUTHENTIC_STUDIO_RECORDING,acoustic_folk,opus_16k,AUTHENTIC_STUDIO_RECORDING,0.99,0.01,-1.6,14.0,-0.0991,0,34.22
HUMAN_0146,AUTHENTIC_STUDIO_RECORDING,classical_symphony,clean_wav,AUTHENTIC_STUDIO_RECORDING,0.99,0.01,2.4,22.1,-0.0989,0,46.86
HUMAN_0147,AUTHENTIC_STUDIO_RECORDING,jazz_quartet,mp3_320k,AUTHENTIC_STUDIO_RECORDING,0.99,0.01,2.4,22.1,-0.0989,0,37.37
HUMAN_0148,AUTHENTIC_STUDIO_RECORDING,chamber_strings,mp3_128k,AUTHENTIC_STUDIO_RECORDING,0.99,0.01,2.4,22.1,-0.0983,0,49.52
HUMAN_0149,AUTHENTIC_STUDIO_RECORDING,solo_grand_piano,aac_256k,AUTHENTIC_STUDIO_RECORDING,0.99,0.01,2.4,22.1,-0.0989,0,31.07
HUMAN_0150,AUTHENTIC_STUDIO_RECORDING,acoustic_folk,opus_16k,AUTHENTIC_STUDIO_RECORDING,0.99,0.01,-1.6,14.0,-0.0991,0,36.99
HUMAN_0151,AUTHENTIC_STUDIO_RECORDING,classical_symphony,clean_wav,AUTHENTIC_STUDIO_RECORDING,0.99,0.01,2.4,22.1,-0.0987,0,41.66
HUMAN_0152,AUTHENTIC_STUDIO_RECORDING,jazz_quartet,mp3_320k,AUTHENTIC_STUDIO_RECORDING,0.99,0.01,2.4,22.1,-0.0991,0,32.15
HUMAN_0153,AUTHENTIC_STUDIO_RECORDING,chamber_strings,mp3_128k,AUTHENTIC_STUDIO_RECORDING,0.99,0.01,2.4,22.1,-0.0984,0,26.63
HUMAN_0154,AUTHENTIC_STUDIO_RECORDING,solo_grand_piano,aac_256k,AUTHENTIC_STUDIO_RECORDING,0.99,0.01,2.4,22.1,-0.099,0,35.03
HUMAN_0155,AUTHENTIC_STUDIO_RECORDING,acoustic_folk,opus_16k,AUTHENTIC_STUDIO_RECORDING,0.99,0.01,-1.6,14.0,-0.0988,0,32.78
HUMAN_0156,AUTHENTIC_STUDIO_RECORDING,classical_symphony,clean_wav,AUTHENTIC_STUDIO_RECORDING,0.99,0.01,2.4,22.1,-0.0989,0,36.0
HUMAN_0157,AUTHENTIC_STUDIO_RECORDING,jazz_quartet,mp3_320k,AUTHENTIC_STUDIO_RECORDING,0.99,0.01,2.4,22.1,-0.0988,0,28.56
HUMAN_0158,AUTHENTIC_STUDIO_RECORDING,chamber_strings,mp3_128k,AUTHENTIC_STUDIO_RECORDING,0.99,0.01,2.4,22.1,-0.0983,0,34.12
HUMAN_0159,AUTHENTIC_STUDIO_RECORDING,solo_grand_piano,aac_256k,AUTHENTIC_STUDIO_RECORDING,0.99,0.01,2.4,22.1,-0.0985,0,26.63
HUMAN_0160,AUTHENTIC_STUDIO_RECORDING,acoustic_folk,opus_16k,AUTHENTIC_STUDIO_RECORDING,0.99,0.01,-1.6,14.0,-0.0991,0,42.18
HUMAN_0161,AUTHENTIC_STUDIO_RECORDING,classical_symphony,clean_wav,AUTHENTIC_STUDIO_RECORDING,0.99,0.01,2.4,22.1,-0.099,0,25.93
HUMAN_0162,AUTHENTIC_STUDIO_RECORDING,jazz_quartet,mp3_320k,AUTHENTIC_STUDIO_RECORDING,0.99,0.01,2.4,22.1,-0.0988,0,47.19
HUMAN_0163,AUTHENTIC_STUDIO_RECORDING,chamber_strings,mp3_128k,AUTHENTIC_STUDIO_RECORDING,0.99,0.01,2.4,22.1,-0.0982,0,27.24
HUMAN_0164,AUTHENTIC_STUDIO_RECORDING,solo_grand_piano,aac_256k,AUTHENTIC_STUDIO_RECORDING,0.99,0.01,2.4,22.1,-0.0988,0,58.37
HUMAN_0165,AUTHENTIC_STUDIO_RECORDING,acoustic_folk,opus_16k,AUTHENTIC_STUDIO_RECORDING,0.99,0.01,-1.6,14.0,-0.0992,0,45.8
HUMAN_0166,AUTHENTIC_STUDIO_RECORDING,classical_symphony,clean_wav,AUTHENTIC_STUDIO_RECORDING,0.99,0.01,2.4,22.1,-0.0988,0,36.84
HUMAN_0167,AUTHENTIC_STUDIO_RECORDING,jazz_quartet,mp3_320k,AUTHENTIC_STUDIO_RECORDING,0.99,0.01,2.4,22.1,-0.0988,0,31.05
HUMAN_0168,AUTHENTIC_STUDIO_RECORDING,chamber_strings,mp3_128k,AUTHENTIC_STUDIO_RECORDING,0.99,0.01,2.4,22.1,-0.0981,0,36.18
HUMAN_0169,AUTHENTIC_STUDIO_RECORDING,solo_grand_piano,aac_256k,AUTHENTIC_STUDIO_RECORDING,0.99,0.01,2.4,22.1,-0.099,0,32.91
HUMAN_0170,AUTHENTIC_STUDIO_RECORDING,acoustic_folk,opus_16k,AUTHENTIC_STUDIO_RECORDING,0.99,0.01,-1.6,14.0,-0.0991,0,33.95
HUMAN_0171,AUTHENTIC_STUDIO_RECORDING,classical_symphony,clean_wav,AUTHENTIC_STUDIO_RECORDING,0.99,0.01,2.4,22.1,-0.0987,0,38.39
HUMAN_0172,AUTHENTIC_STUDIO_RECORDING,jazz_quartet,mp3_320k,AUTHENTIC_STUDIO_RECORDING,0.99,0.01,2.4,22.1,-0.0989,0,30.71
HUMAN_0173,AUTHENTIC_STUDIO_RECORDING,chamber_strings,mp3_128k,AUTHENTIC_STUDIO_RECORDING,0.99,0.01,2.4,22.1,-0.0986,0,26.65
HUMAN_0174,AUTHENTIC_STUDIO_RECORDING,solo_grand_piano,aac_256k,AUTHENTIC_STUDIO_RECORDING,0.99,0.01,2.4,22.1,-0.0989,0,43.44
HUMAN_0175,AUTHENTIC_STUDIO_RECORDING,acoustic_folk,opus_16k,AUTHENTIC_STUDIO_RECORDING,0.99,0.01,-1.6,14.0,-0.099,0,43.81
HUMAN_0176,AUTHENTIC_STUDIO_RECORDING,classical_symphony,clean_wav,AUTHENTIC_STUDIO_RECORDING,0.99,0.01,2.4,22.1,-0.0988,0,36.76
HUMAN_0177,AUTHENTIC_STUDIO_RECORDING,jazz_quartet,mp3_320k,AUTHENTIC_STUDIO_RECORDING,0.99,0.01,2.4,22.1,-0.0991,0,32.25
HUMAN_0178,AUTHENTIC_STUDIO_RECORDING,chamber_strings,mp3_128k,AUTHENTIC_STUDIO_RECORDING,0.99,0.01,2.4,22.1,-0.0983,0,35.4
HUMAN_0179,AUTHENTIC_STUDIO_RECORDING,solo_grand_piano,aac_256k,AUTHENTIC_STUDIO_RECORDING,0.99,0.01,2.4,22.1,-0.0989,0,33.03
HUMAN_0180,AUTHENTIC_STUDIO_RECORDING,acoustic_folk,opus_16k,AUTHENTIC_STUDIO_RECORDING,0.99,0.01,-1.6,14.0,-0.099,0,45.28
HUMAN_0181,AUTHENTIC_STUDIO_RECORDING,classical_symphony,clean_wav,AUTHENTIC_STUDIO_RECORDING,0.99,0.01,2.4,22.1,-0.099,0,28.52
HUMAN_0182,AUTHENTIC_STUDIO_RECORDING,jazz_quartet,mp3_320k,AUTHENTIC_STUDIO_RECORDING,0.99,0.01,2.4,22.1,-0.0989,0,40.31
HUMAN_0183,AUTHENTIC_STUDIO_RECORDING,chamber_strings,mp3_128k,AUTHENTIC_STUDIO_RECORDING,0.99,0.01,2.4,22.1,-0.0977,0,47.3
HUMAN_0184,AUTHENTIC_STUDIO_RECORDING,solo_grand_piano,aac_256k,AUTHENTIC_STUDIO_RECORDING,0.99,0.01,2.4,22.1,-0.0989,0,58.54
HUMAN_0185,AUTHENTIC_STUDIO_RECORDING,acoustic_folk,opus_16k,AUTHENTIC_STUDIO_RECORDING,0.99,0.01,-1.6,14.0,-0.099,0,61.0
HUMAN_0186,AUTHENTIC_STUDIO_RECORDING,classical_symphony,clean_wav,AUTHENTIC_STUDIO_RECORDING,0.99,0.01,2.4,22.1,-0.0989,0,43.57
HUMAN_0187,AUTHENTIC_STUDIO_RECORDING,jazz_quartet,mp3_320k,AUTHENTIC_STUDIO_RECORDING,0.99,0.01,2.4,22.1,-0.0987,0,39.46
HUMAN_0188,AUTHENTIC_STUDIO_RECORDING,chamber_strings,mp3_128k,AUTHENTIC_STUDIO_RECORDING,0.99,0.01,2.4,22.1,-0.0982,0,42.99
HUMAN_0189,AUTHENTIC_STUDIO_RECORDING,solo_grand_piano,aac_256k,AUTHENTIC_STUDIO_RECORDING,0.99,0.01,2.4,22.1,-0.0991,0,38.66
HUMAN_0190,AUTHENTIC_STUDIO_RECORDING,acoustic_folk,opus_16k,AUTHENTIC_STUDIO_RECORDING,0.99,0.01,-1.6,14.0,-0.099,0,35.1
HUMAN_0191,AUTHENTIC_STUDIO_RECORDING,classical_symphony,clean_wav,AUTHENTIC_STUDIO_RECORDING,0.99,0.01,2.4,22.1,-0.099,0,32.07
HUMAN_0192,AUTHENTIC_STUDIO_RECORDING,jazz_quartet,mp3_320k,AUTHENTIC_STUDIO_RECORDING,0.99,0.01,2.4,22.1,-0.0988,0,53.43
HUMAN_0193,AUTHENTIC_STUDIO_RECORDING,chamber_strings,mp3_128k,AUTHENTIC_STUDIO_RECORDING,0.99,0.01,2.4,22.1,-0.0983,0,25.96
HUMAN_0194,AUTHENTIC_STUDIO_RECORDING,solo_grand_piano,aac_256k,AUTHENTIC_STUDIO_RECORDING,0.99,0.01,2.4,22.1,-0.0986,0,28.39
HUMAN_0195,AUTHENTIC_STUDIO_RECORDING,acoustic_folk,opus_16k,AUTHENTIC_STUDIO_RECORDING,0.99,0.01,-1.6,14.0,-0.0992,0,46.54
HUMAN_0196,AUTHENTIC_STUDIO_RECORDING,classical_symphony,clean_wav,AUTHENTIC_STUDIO_RECORDING,0.99,0.01,2.4,22.1,-0.0987,0,73.25
HUMAN_0197,AUTHENTIC_STUDIO_RECORDING,jazz_quartet,mp3_320k,AUTHENTIC_STUDIO_RECORDING,0.99,0.01,2.4,22.1,-0.0991,0,54.45
HUMAN_0198,AUTHENTIC_STUDIO_RECORDING,chamber_strings,mp3_128k,AUTHENTIC_STUDIO_RECORDING,0.99,0.01,2.4,22.1,-0.0986,0,30.53
HUMAN_0199,AUTHENTIC_STUDIO_RECORDING,solo_grand_piano,aac_256k,AUTHENTIC_STUDIO_RECORDING,0.99,0.01,2.4,22.1,-0.0986,0,43.79
HUMAN_0200,AUTHENTIC_STUDIO_RECORDING,acoustic_folk,opus_16k,AUTHENTIC_STUDIO_RECORDING,0.99,0.01,-1.6,14.0,-0.0991,0,44.19
HUMAN_0201,AUTHENTIC_STUDIO_RECORDING,classical_symphony,clean_wav,AUTHENTIC_STUDIO_RECORDING,0.99,0.01,2.4,22.1,-0.0989,0,33.99
HUMAN_0202,AUTHENTIC_STUDIO_RECORDING,jazz_quartet,mp3_320k,AUTHENTIC_STUDIO_RECORDING,0.99,0.01,2.4,22.1,-0.0989,0,27.95
HUMAN_0203,AUTHENTIC_STUDIO_RECORDING,chamber_strings,mp3_128k,AUTHENTIC_STUDIO_RECORDING,0.99,0.01,2.4,22.1,-0.0981,0,33.73
HUMAN_0204,AUTHENTIC_STUDIO_RECORDING,solo_grand_piano,aac_256k,AUTHENTIC_STUDIO_RECORDING,0.99,0.01,2.4,22.1,-0.0989,0,30.35
HUMAN_0205,AUTHENTIC_STUDIO_RECORDING,acoustic_folk,opus_16k,AUTHENTIC_STUDIO_RECORDING,0.99,0.01,-1.6,14.0,-0.0992,0,32.91
HUMAN_0206,AUTHENTIC_STUDIO_RECORDING,classical_symphony,clean_wav,AUTHENTIC_STUDIO_RECORDING,0.99,0.01,2.4,22.1,-0.0988,0,34.36
HUMAN_0207,AUTHENTIC_STUDIO_RECORDING,jazz_quartet,mp3_320k,AUTHENTIC_STUDIO_RECORDING,0.99,0.01,2.4,22.1,-0.0989,0,35.64
HUMAN_0208,AUTHENTIC_STUDIO_RECORDING,chamber_strings,mp3_128k,AUTHENTIC_STUDIO_RECORDING,0.99,0.01,2.4,22.1,-0.0984,0,39.0
HUMAN_0209,AUTHENTIC_STUDIO_RECORDING,solo_grand_piano,aac_256k,AUTHENTIC_STUDIO_RECORDING,0.99,0.01,2.4,22.1,-0.0991,0,27.75
HUMAN_0210,AUTHENTIC_STUDIO_RECORDING,acoustic_folk,opus_16k,AUTHENTIC_STUDIO_RECORDING,0.99,0.01,-1.6,14.0,-0.099,0,39.81
HUMAN_0211,AUTHENTIC_STUDIO_RECORDING,classical_symphony,clean_wav,AUTHENTIC_STUDIO_RECORDING,0.99,0.01,2.4,22.1,-0.0988,0,32.5
HUMAN_0212,AUTHENTIC_STUDIO_RECORDING,jazz_quartet,mp3_320k,AUTHENTIC_STUDIO_RECORDING,0.99,0.01,2.4,22.1,-0.0989,0,34.95
HUMAN_0213,AUTHENTIC_STUDIO_RECORDING,chamber_strings,mp3_128k,AUTHENTIC_STUDIO_RECORDING,0.99,0.01,2.4,22.1,-0.0987,0,33.26
HUMAN_0214,AUTHENTIC_STUDIO_RECORDING,solo_grand_piano,aac_256k,AUTHENTIC_STUDIO_RECORDING,0.99,0.01,2.4,22.1,-0.0991,0,40.76
HUMAN_0215,AUTHENTIC_STUDIO_RECORDING,acoustic_folk,opus_16k,AUTHENTIC_STUDIO_RECORDING,0.99,0.01,-1.6,14.0,-0.099,0,39.76
HUMAN_0216,AUTHENTIC_STUDIO_RECORDING,classical_symphony,clean_wav,AUTHENTIC_STUDIO_RECORDING,0.99,0.01,2.4,22.1,-0.0988,0,31.67
HUMAN_0217,AUTHENTIC_STUDIO_RECORDING,jazz_quartet,mp3_320k,AUTHENTIC_STUDIO_RECORDING,0.99,0.01,2.4,22.1,-0.0991,0,39.41
HUMAN_0218,AUTHENTIC_STUDIO_RECORDING,chamber_strings,mp3_128k,AUTHENTIC_STUDIO_RECORDING,0.99,0.01,2.4,22.1,-0.0985,0,32.38
HUMAN_0219,AUTHENTIC_STUDIO_RECORDING,solo_grand_piano,aac_256k,AUTHENTIC_STUDIO_RECORDING,0.99,0.01,2.4,22.1,-0.0987,0,26.99
HUMAN_0220,AUTHENTIC_STUDIO_RECORDING,acoustic_folk,opus_16k,AUTHENTIC_STUDIO_RECORDING,0.99,0.01,-1.6,14.0,-0.0989,0,53.25
HUMAN_0221,AUTHENTIC_STUDIO_RECORDING,classical_symphony,clean_wav,AUTHENTIC_STUDIO_RECORDING,0.99,0.01,2.4,22.1,-0.099,0,25.14
HUMAN_0222,AUTHENTIC_STUDIO_RECORDING,jazz_quartet,mp3_320k,AUTHENTIC_STUDIO_RECORDING,0.99,0.01,2.4,22.1,-0.099,0,28.29
HUMAN_0223,AUTHENTIC_STUDIO_RECORDING,chamber_strings,mp3_128k,AUTHENTIC_STUDIO_RECORDING,0.99,0.01,2.4,22.1,-0.0983,0,41.09
HUMAN_0224,AUTHENTIC_STUDIO_RECORDING,solo_grand_piano,aac_256k,AUTHENTIC_STUDIO_RECORDING,0.99,0.01,2.4,22.1,-0.0988,0,36.42
HUMAN_0225,AUTHENTIC_STUDIO_RECORDING,acoustic_folk,opus_16k,AUTHENTIC_STUDIO_RECORDING,0.99,0.01,-1.6,14.0,-0.099,0,36.29
HUMAN_0226,AUTHENTIC_STUDIO_RECORDING,classical_symphony,clean_wav,AUTHENTIC_STUDIO_RECORDING,0.99,0.01,2.4,22.1,-0.0988,0,37.82
HUMAN_0227,AUTHENTIC_STUDIO_RECORDING,jazz_quartet,mp3_320k,AUTHENTIC_STUDIO_RECORDING,0.99,0.01,2.4,22.1,-0.0989,0,32.49
HUMAN_0228,AUTHENTIC_STUDIO_RECORDING,chamber_strings,mp3_128k,AUTHENTIC_STUDIO_RECORDING,0.99,0.01,2.4,22.1,-0.0983,0,36.18
HUMAN_0229,AUTHENTIC_STUDIO_RECORDING,solo_grand_piano,aac_256k,AUTHENTIC_STUDIO_RECORDING,0.99,0.01,2.4,22.1,-0.0992,0,37.0
HUMAN_0230,AUTHENTIC_STUDIO_RECORDING,acoustic_folk,opus_16k,AUTHENTIC_STUDIO_RECORDING,0.99,0.01,-1.6,14.0,-0.099,0,44.28
HUMAN_0231,AUTHENTIC_STUDIO_RECORDING,classical_symphony,clean_wav,AUTHENTIC_STUDIO_RECORDING,0.99,0.01,2.4,22.1,-0.099,0,31.95
HUMAN_0232,AUTHENTIC_STUDIO_RECORDING,jazz_quartet,mp3_320k,AUTHENTIC_STUDIO_RECORDING,0.99,0.01,2.4,22.1,-0.0991,0,35.79
HUMAN_0233,AUTHENTIC_STUDIO_RECORDING,chamber_strings,mp3_128k,AUTHENTIC_STUDIO_RECORDING,0.99,0.01,2.4,22.1,-0.0988,0,38.76
HUMAN_0234,AUTHENTIC_STUDIO_RECORDING,solo_grand_piano,aac_256k,AUTHENTIC_STUDIO_RECORDING,0.99,0.01,2.4,22.1,-0.099,0,60.34
HUMAN_0235,AUTHENTIC_STUDIO_RECORDING,acoustic_folk,opus_16k,AUTHENTIC_STUDIO_RECORDING,0.99,0.01,-1.6,14.0,-0.0991,0,32.62
HUMAN_0236,AUTHENTIC_STUDIO_RECORDING,classical_symphony,clean_wav,AUTHENTIC_STUDIO_RECORDING,0.99,0.01,2.4,22.1,-0.0988,0,44.58
HUMAN_0237,AUTHENTIC_STUDIO_RECORDING,jazz_quartet,mp3_320k,AUTHENTIC_STUDIO_RECORDING,0.99,0.01,2.4,22.1,-0.0988,0,35.24
HUMAN_0238,AUTHENTIC_STUDIO_RECORDING,chamber_strings,mp3_128k,AUTHENTIC_STUDIO_RECORDING,0.99,0.01,2.4,22.1,-0.0983,0,39.02
HUMAN_0239,AUTHENTIC_STUDIO_RECORDING,solo_grand_piano,aac_256k,AUTHENTIC_STUDIO_RECORDING,0.99,0.01,2.4,22.1,-0.0988,0,58.08
HUMAN_0240,AUTHENTIC_STUDIO_RECORDING,acoustic_folk,opus_16k,AUTHENTIC_STUDIO_RECORDING,0.99,0.01,-1.6,14.0,-0.0991,0,36.61
HUMAN_0241,AUTHENTIC_STUDIO_RECORDING,classical_symphony,clean_wav,AUTHENTIC_STUDIO_RECORDING,0.99,0.01,2.4,22.1,-0.0992,0,42.65
HUMAN_0242,AUTHENTIC_STUDIO_RECORDING,jazz_quartet,mp3_320k,AUTHENTIC_STUDIO_RECORDING,0.99,0.01,2.4,22.1,-0.099,0,47.74
HUMAN_0243,AUTHENTIC_STUDIO_RECORDING,chamber_strings,mp3_128k,AUTHENTIC_STUDIO_RECORDING,0.99,0.01,2.4,22.1,-0.0982,0,32.11
HUMAN_0244,AUTHENTIC_STUDIO_RECORDING,solo_grand_piano,aac_256k,AUTHENTIC_STUDIO_RECORDING,0.99,0.01,2.4,22.1,-0.099,0,36.66
HUMAN_0245,AUTHENTIC_STUDIO_RECORDING,acoustic_folk,opus_16k,AUTHENTIC_STUDIO_RECORDING,0.99,0.01,-1.6,14.0,-0.099,0,38.19
HUMAN_0246,AUTHENTIC_STUDIO_RECORDING,classical_symphony,clean_wav,AUTHENTIC_STUDIO_RECORDING,0.99,0.01,2.4,22.1,-0.0988,0,44.08
HUMAN_0247,AUTHENTIC_STUDIO_RECORDING,jazz_quartet,mp3_320k,AUTHENTIC_STUDIO_RECORDING,0.99,0.01,2.4,22.1,-0.099,0,33.22
HUMAN_0248,AUTHENTIC_STUDIO_RECORDING,chamber_strings,mp3_128k,AUTHENTIC_STUDIO_RECORDING,0.99,0.01,2.4,22.1,-0.098,0,36.46
HUMAN_0249,AUTHENTIC_STUDIO_RECORDING,solo_grand_piano,aac_256k,AUTHENTIC_STUDIO_RECORDING,0.99,0.01,2.4,22.1,-0.0992,0,27.84
HUMAN_0250,AUTHENTIC_STUDIO_RECORDING,acoustic_folk,opus_16k,AUTHENTIC_STUDIO_RECORDING,0.99,0.01,-1.6,14.0,-0.099,0,33.26
HUMAN_0251,AUTHENTIC_STUDIO_RECORDING,classical_symphony,clean_wav,AUTHENTIC_STUDIO_RECORDING,0.99,0.01,2.4,22.1,-0.099,0,35.45
HUMAN_0252,AUTHENTIC_STUDIO_RECORDING,jazz_quartet,mp3_320k,AUTHENTIC_STUDIO_RECORDING,0.99,0.01,2.4,22.1,-0.099,0,28.83
HUMAN_0253,AUTHENTIC_STUDIO_RECORDING,chamber_strings,mp3_128k,AUTHENTIC_STUDIO_RECORDING,0.99,0.01,2.4,22.1,-0.0983,0,26.39
HUMAN_0254,AUTHENTIC_STUDIO_RECORDING,solo_grand_piano,aac_256k,AUTHENTIC_STUDIO_RECORDING,0.99,0.01,2.4,22.1,-0.099,0,28.61
HUMAN_0255,AUTHENTIC_STUDIO_RECORDING,acoustic_folk,opus_16k,AUTHENTIC_STUDIO_RECORDING,0.99,0.01,-1.6,14.0,-0.0988,0,41.82
HUMAN_0256,AUTHENTIC_STUDIO_RECORDING,classical_symphony,clean_wav,AUTHENTIC_STUDIO_RECORDING,0.99,0.01,2.4,22.1,-0.099,0,29.8
HUMAN_0257,AUTHENTIC_STUDIO_RECORDING,jazz_quartet,mp3_320k,AUTHENTIC_STUDIO_RECORDING,0.99,0.01,2.4,22.1,-0.0991,0,31.9
HUMAN_0258,AUTHENTIC_STUDIO_RECORDING,chamber_strings,mp3_128k,AUTHENTIC_STUDIO_RECORDING,0.99,0.01,2.4,22.1,-0.0979,0,37.15
HUMAN_0259,AUTHENTIC_STUDIO_RECORDING,solo_grand_piano,aac_256k,AUTHENTIC_STUDIO_RECORDING,0.99,0.01,2.4,22.1,-0.0989,0,36.19
HUMAN_0260,AUTHENTIC_STUDIO_RECORDING,acoustic_folk,opus_16k,AUTHENTIC_STUDIO_RECORDING,0.99,0.01,-1.6,14.0,-0.0993,0,41.87
HUMAN_0261,AUTHENTIC_STUDIO_RECORDING,classical_symphony,clean_wav,AUTHENTIC_STUDIO_RECORDING,0.99,0.01,2.4,22.1,-0.0988,0,37.15
HUMAN_0262,AUTHENTIC_STUDIO_RECORDING,jazz_quartet,mp3_320k,AUTHENTIC_STUDIO_RECORDING,0.99,0.01,2.4,22.1,-0.099,0,30.38
HUMAN_0263,AUTHENTIC_STUDIO_RECORDING,chamber_strings,mp3_128k,AUTHENTIC_STUDIO_RECORDING,0.99,0.01,2.4,22.1,-0.0979,0,78.62
HUMAN_0264,AUTHENTIC_STUDIO_RECORDING,solo_grand_piano,aac_256k,AUTHENTIC_STUDIO_RECORDING,0.99,0.01,2.4,22.1,-0.099,0,32.44
HUMAN_0265,AUTHENTIC_STUDIO_RECORDING,acoustic_folk,opus_16k,AUTHENTIC_STUDIO_RECORDING,0.99,0.01,-1.6,14.0,-0.099,0,34.28
HUMAN_0266,AUTHENTIC_STUDIO_RECORDING,classical_symphony,clean_wav,AUTHENTIC_STUDIO_RECORDING,0.99,0.01,2.4,22.1,-0.0989,0,35.86
HUMAN_0267,AUTHENTIC_STUDIO_RECORDING,jazz_quartet,mp3_320k,AUTHENTIC_STUDIO_RECORDING,0.99,0.01,2.4,22.1,-0.0988,0,36.82
HUMAN_0268,AUTHENTIC_STUDIO_RECORDING,chamber_strings,mp3_128k,AUTHENTIC_STUDIO_RECORDING,0.99,0.01,2.4,22.1,-0.098,0,30.41
HUMAN_0269,AUTHENTIC_STUDIO_RECORDING,solo_grand_piano,aac_256k,AUTHENTIC_STUDIO_RECORDING,0.99,0.01,2.4,22.1,-0.0993,0,56.56
HUMAN_0270,AUTHENTIC_STUDIO_RECORDING,acoustic_folk,opus_16k,AUTHENTIC_STUDIO_RECORDING,0.99,0.01,-1.6,14.0,-0.099,0,56.81
HUMAN_0271,AUTHENTIC_STUDIO_RECORDING,classical_symphony,clean_wav,AUTHENTIC_STUDIO_RECORDING,0.99,0.01,2.4,22.1,-0.0989,0,33.47
HUMAN_0272,AUTHENTIC_STUDIO_RECORDING,jazz_quartet,mp3_320k,AUTHENTIC_STUDIO_RECORDING,0.99,0.01,2.4,22.1,-0.0989,0,38.99
HUMAN_0273,AUTHENTIC_STUDIO_RECORDING,chamber_strings,mp3_128k,AUTHENTIC_STUDIO_RECORDING,0.99,0.01,2.4,22.1,-0.0983,0,32.65
HUMAN_0274,AUTHENTIC_STUDIO_RECORDING,solo_grand_piano,aac_256k,AUTHENTIC_STUDIO_RECORDING,0.99,0.01,2.4,22.1,-0.0987,0,74.99
HUMAN_0275,AUTHENTIC_STUDIO_RECORDING,acoustic_folk,opus_16k,AUTHENTIC_STUDIO_RECORDING,0.99,0.01,-1.6,14.0,-0.099,0,31.09
HUMAN_0276,AUTHENTIC_STUDIO_RECORDING,classical_symphony,clean_wav,AUTHENTIC_STUDIO_RECORDING,0.99,0.01,2.4,22.1,-0.099,0,68.73
HUMAN_0277,AUTHENTIC_STUDIO_RECORDING,jazz_quartet,mp3_320k,AUTHENTIC_STUDIO_RECORDING,0.99,0.01,2.4,22.1,-0.0988,0,37.6
HUMAN_0278,AUTHENTIC_STUDIO_RECORDING,chamber_strings,mp3_128k,AUTHENTIC_STUDIO_RECORDING,0.99,0.01,2.4,22.1,-0.0983,0,51.75
HUMAN_0279,AUTHENTIC_STUDIO_RECORDING,solo_grand_piano,aac_256k,AUTHENTIC_STUDIO_RECORDING,0.99,0.01,2.4,22.1,-0.0988,0,26.93
HUMAN_0280,AUTHENTIC_STUDIO_RECORDING,acoustic_folk,opus_16k,AUTHENTIC_STUDIO_RECORDING,0.99,0.01,-1.6,14.0,-0.099,0,37.24
HUMAN_0281,AUTHENTIC_STUDIO_RECORDING,classical_symphony,clean_wav,AUTHENTIC_STUDIO_RECORDING,0.99,0.01,2.4,22.1,-0.099,0,30.58
HUMAN_0282,AUTHENTIC_STUDIO_RECORDING,jazz_quartet,mp3_320k,AUTHENTIC_STUDIO_RECORDING,0.99,0.01,2.4,22.1,-0.0988,0,27.19
HUMAN_0283,AUTHENTIC_STUDIO_RECORDING,chamber_strings,mp3_128k,AUTHENTIC_STUDIO_RECORDING,0.99,0.01,2.4,22.1,-0.0983,0,60.34
HUMAN_0284,AUTHENTIC_STUDIO_RECORDING,solo_grand_piano,aac_256k,AUTHENTIC_STUDIO_RECORDING,0.99,0.01,2.4,22.1,-0.099,0,59.73
HUMAN_0285,AUTHENTIC_STUDIO_RECORDING,acoustic_folk,opus_16k,AUTHENTIC_STUDIO_RECORDING,0.99,0.01,-1.6,14.0,-0.099,0,44.32
HUMAN_0286,AUTHENTIC_STUDIO_RECORDING,classical_symphony,clean_wav,AUTHENTIC_STUDIO_RECORDING,0.99,0.01,2.4,22.1,-0.0988,0,52.18
HUMAN_0287,AUTHENTIC_STUDIO_RECORDING,jazz_quartet,mp3_320k,AUTHENTIC_STUDIO_RECORDING,0.99,0.01,2.4,22.1,-0.0986,0,28.0
HUMAN_0288,AUTHENTIC_STUDIO_RECORDING,chamber_strings,mp3_128k,AUTHENTIC_STUDIO_RECORDING,0.99,0.01,2.4,22.1,-0.0982,0,50.88
HUMAN_0289,AUTHENTIC_STUDIO_RECORDING,solo_grand_piano,aac_256k,AUTHENTIC_STUDIO_RECORDING,0.99,0.01,2.4,22.1,-0.0991,0,47.42
HUMAN_0290,AUTHENTIC_STUDIO_RECORDING,acoustic_folk,opus_16k,AUTHENTIC_STUDIO_RECORDING,0.99,0.01,-1.6,14.0,-0.0991,0,31.42
HUMAN_0291,AUTHENTIC_STUDIO_RECORDING,classical_symphony,clean_wav,AUTHENTIC_STUDIO_RECORDING,0.99,0.01,2.4,22.1,-0.0988,0,87.23
HUMAN_0292,AUTHENTIC_STUDIO_RECORDING,jazz_quartet,mp3_320k,AUTHENTIC_STUDIO_RECORDING,0.99,0.01,2.4,22.1,-0.0987,0,31.43
HUMAN_0293,AUTHENTIC_STUDIO_RECORDING,chamber_strings,mp3_128k,AUTHENTIC_STUDIO_RECORDING,0.99,0.01,2.4,22.1,-0.0987,0,39.28
HUMAN_0294,AUTHENTIC_STUDIO_RECORDING,solo_grand_piano,aac_256k,AUTHENTIC_STUDIO_RECORDING,0.99,0.01,2.4,22.1,-0.099,0,43.4
HUMAN_0295,AUTHENTIC_STUDIO_RECORDING,acoustic_folk,opus_16k,AUTHENTIC_STUDIO_RECORDING,0.99,0.01,-1.6,14.0,-0.0988,0,32.31
HUMAN_0296,AUTHENTIC_STUDIO_RECORDING,classical_symphony,clean_wav,AUTHENTIC_STUDIO_RECORDING,0.99,0.01,2.4,22.1,-0.0991,0,38.29
HUMAN_0297,AUTHENTIC_STUDIO_RECORDING,jazz_quartet,mp3_320k,AUTHENTIC_STUDIO_RECORDING,0.99,0.01,2.4,22.1,-0.0988,0,30.98
HUMAN_0298,AUTHENTIC_STUDIO_RECORDING,chamber_strings,mp3_128k,AUTHENTIC_STUDIO_RECORDING,0.99,0.01,2.4,22.1,-0.0981,0,34.05
HUMAN_0299,AUTHENTIC_STUDIO_RECORDING,solo_grand_piano,aac_256k,AUTHENTIC_STUDIO_RECORDING,0.99,0.01,2.4,22.1,-0.0988,0,43.27
HUMAN_0300,AUTHENTIC_STUDIO_RECORDING,acoustic_folk,opus_16k,AUTHENTIC_STUDIO_RECORDING,0.99,0.01,-1.6,14.0,-0.099,0,35.02
